Title,Link,Source,Time,Summary,Company,Page,CrawlTime,TimeRange
三全食品组织的首批40万元捐赠物资启程奔赴武汉。 大河报·大河财立方记者从三全食品了解到，近日，在武汉爆发的新型冠状病毒肺炎疫情举国关注，也牵动着全体三全食品员工的心。 “特别是根据最新新闻报道和有关...,https://www.iwencai.com/unifiedwap/inforesult?w=%E4%B8%89%E5%85%A8%E9%A3%9F%E5%93%81&querytype=news&search1=&search2=&search3=2020-01-01~2020-01-31&search4=&search5=&page=1,iWenCai,Unknown time,大河报·大河财立方记者 刘赟 陈沛 2020年农历春节，三全食品组织的首批40万元捐赠物资启程奔赴武汉。 大河报·大河财立方记者从三全食品了解到，近日，在武汉爆发的新型冠状病毒肺炎疫情举国关注，也牵动着全体三全食品员工的心。 “特别是根据最新新闻报道和有关政府部门的通知，了解到包括食品在内的很多物资,三全食品,1,2025-12-13 18:18:29,2020-01-01 to 2020-01-31
三全食品相关负责人表示，了解到武汉包括食品在内的很多物资短缺，急需得到支援。公司在除夕夜紧急启动驰援武汉行动，经与武汉市有关部门积极联系后，现行捐赠第一批自加热食品。据介绍，三全食品员工本已放假回家，...,https://www.iwencai.com/unifiedwap/inforesult?w=%E4%B8%89%E5%85%A8%E9%A3%9F%E5%93%81&querytype=news&search1=&search2=&search3=2020-01-01~2020-01-31&search4=&search5=&page=1,iWenCai,Unknown time,"该批物资当日下午4点从郑州发车至武汉，预计很快抵达。""三全捐助的自加热米饭是自加热产品，不需要水和电，15分钟就能吃上热饭，非常适合武汉疫区抗击疫情及防治工作一线的医生和护士等工作者。”三全食品相关负责人表示，了解到武汉包括食品在内的很多物资短缺，急需得到支援。公司在除夕夜紧急启动驰援武汉行动，经与",三全食品,1,2025-12-13 18:18:29,2020-01-01 to 2020-01-31
三全食品全力走出盈利低谷,https://www.iwencai.com/unifiedwap/inforesult?w=%E4%B8%89%E5%85%A8%E9%A3%9F%E5%93%81&querytype=news&search1=&search2=&search3=2020-01-01~2020-01-31&search4=&search5=&page=1,iWenCai,Unknown time,进“鲜食” 饮“活水” 三全食品全力走出盈利低谷,三全食品,1,2025-12-13 18:18:29,2020-01-01 to 2020-01-31
三全食品在郑州的总部，首先映入眼帘就是这面写满了企业“30多项全国第一”的荣誉墙。中间安放着一个悬浮在空中的巨型水龙头，源源不断的水正从中倾泻而下，传递出公司发展“为有源头活水来”之意。 三全食品成立...,https://www.iwencai.com/unifiedwap/inforesult?w=%E4%B8%89%E5%85%A8%E9%A3%9F%E5%93%81&querytype=news&search1=&search2=&search3=2020-01-01~2020-01-31&search4=&search5=&page=1,iWenCai,Unknown time,发明全国第一粒速冻汤圆、第一只速冻粽子；速冻行业第一家A股上市公司；收购美国亨氏旗下的龙凤食品，完成行业首次对外资企业的并购……来到三全食品在郑州的总部，首先映入眼帘就是这面写满了企业“30多项全国第一”的荣誉墙。中间安放着一个悬浮在空中的巨型水龙头，源源不断的水正从中倾泻而下，传递出公司发展“为有,三全食品,1,2025-12-13 18:18:29,2020-01-01 to 2020-01-31
三全食品：未来将实现大城市群鲜食供应链的全覆盖,https://www.iwencai.com/unifiedwap/inforesult?w=%E4%B8%89%E5%85%A8%E9%A3%9F%E5%93%81&querytype=news&search1=&search2=&search3=2020-01-01~2020-01-31&search4=&search5=&page=1,iWenCai,Unknown time,三全食品：未来将实现大城市群鲜食供应链的全覆盖,三全食品,1,2025-12-13 18:18:29,2020-01-01 to 2020-01-31
三全食品：未来将实现大城市群鲜食供应链的全覆盖 来源：全景网 三全食品(002216)在最新发布的《投资者关系活动记录表》中透露，公司提前在全国的主要一线城市附近布局了兼容性的综合生产基地，这些基地都...,https://www.iwencai.com/unifiedwap/inforesult?w=%E4%B8%89%E5%85%A8%E9%A3%9F%E5%93%81&querytype=news&search1=&search2=&search3=2020-01-01~2020-01-31&search4=&search5=&page=1,全景网,Unknown time,原标题：三全食品：未来将实现大城市群鲜食供应链的全覆盖 来源：全景网 三全食品(002216)在最新发布的《投资者关系活动记录表》中透露，公司提前在全国的主要一线城市附近布局了兼容性的综合生产基地，这些基地都已经投入速冻食品的生产且留有新增产能的储备。未来公司将依托在各城市群提前布局的综合生产基地，,三全食品,1,2025-12-13 18:18:29,2020-01-01 to 2020-01-31
三全食品承认，公司在鲜食供应链领域一直增速较快，但仍需要提升增长质量和市场规模，强化与核心客户的深度合作。通过便利店业务，会进一步推动鲜食供应链业务的品类结构调整、技术能力积累、合作渠道扩容。 对于鲜...,https://www.iwencai.com/unifiedwap/inforesult?w=%E4%B8%89%E5%85%A8%E9%A3%9F%E5%93%81&querytype=news&search1=&search2=&search3=2020-01-01~2020-01-31&search4=&search5=&page=1,iWenCai,Unknown time,双方也将不断深化在全国供应链的合作。 同时三全食品承认，公司在鲜食供应链领域一直增速较快，但仍需要提升增长质量和市场规模，强化与核心客户的深度合作。通过便利店业务，会进一步推动鲜食供应链业务的品类结构调整、技术能力积累、合作渠道扩容。 对于鲜食业务的行业占比，三全食品表示，鲜食是指一种以冷藏为主要保,三全食品,1,2025-12-13 18:18:29,2020-01-01 to 2020-01-31
三全食品在除夕夜启动驰援武汉行动，经与武汉市有关部门联系后，确定第一批捐赠2600箱自加热米饭等食品，价值40余万元。 据了解，三全自加热米饭不需要水和电，可以15分钟吃上热饭，适合疫情防治工作一线的...,https://www.iwencai.com/unifiedwap/inforesult?w=%E4%B8%89%E5%85%A8%E9%A3%9F%E5%93%81&querytype=news&search1=&search2=&search3=2020-01-01~2020-01-31&search4=&search5=&page=1,新京报网,Unknown time,原标题：驰援武汉，三全集团捐赠价值40余万元自加热食品 来源：新京报网 新京报讯（记者 郭铁）据三全集团1月25日消息，因武汉新型冠状病毒肺炎疫情导致包括食品在内的物资短缺，三全食品在除夕夜启动驰援武汉行动，经与武汉市有关部门联系后，确定第一批捐赠2600箱自加热米饭等食品，价值40余万元。 据了解,三全食品,1,2025-12-13 18:18:29,2020-01-01 to 2020-01-31
三全食品拟1月13日解禁约55.36万股限制性股票,https://www.iwencai.com/unifiedwap/inforesult?w=%E4%B8%89%E5%85%A8%E9%A3%9F%E5%93%81&querytype=news&search1=&search2=&search3=2020-01-01~2020-01-31&search4=&search5=&page=1,iWenCai,Unknown time,【长城食饮每日资讯0108】三全食品拟1月13日解禁约55.36万股限制性股票,三全食品,1,2025-12-13 18:18:29,2020-01-01 to 2020-01-31
三全食品等公司涨幅居前。 图表2：食品子板块乳品、调味发酵品、白酒表现较好 图表3：当日涨跌前5股票 二、重要公告 1、【海欣食品】：海欣食品公布，公司于近日接到公司实际控制人之一的滕用雄...,https://www.iwencai.com/unifiedwap/inforesult?w=%E4%B8%89%E5%85%A8%E9%A3%9F%E5%93%81&querytype=news&search1=&search2=&search3=2020-01-01~2020-01-31&search4=&search5=&page=1,宇光食饮日讯,Unknown time,来源：宇光食饮日讯 一、市场表现： 1、1月8日食品饮料板块跌0.4%，高于沪深300 0.8pct，在申万28个子行业中排名6。 图表1：食品饮料板块涨跌0.4%，排名6 2、食品饮料板块中，乳品（0.0%）、调味发酵品（-0.1%）、白酒（-0.3%）表现较好。其中*ST莲花、洋河股份、三全食品,三全食品,1,2025-12-13 18:18:29,2020-01-01 to 2020-01-31
三全食品了解到，该公司在除夕之夜紧急启动驰援武汉行动，经与武汉市有关部门积极联系后，第一批确定捐赠价值40余万元的20000多份自加热米饭套餐等食品。 据悉，三全自加热米饭是自加热产品，不需要水和电，...,https://www.iwencai.com/unifiedwap/inforesult?w=%E4%B8%89%E5%85%A8%E9%A3%9F%E5%93%81&querytype=news&search1=&search2=&search3=2020-01-01~2020-01-31&search4=&search5=&page=1,iWenCai,Unknown time,本报讯（郑报全媒体记者 徐刚领 文/图）武汉爆发的新型冠状病毒感染的肺炎疫情引发举国关注。记者昨日从三全食品了解到，该公司在除夕之夜紧急启动驰援武汉行动，经与武汉市有关部门积极联系后，第一批确定捐赠价值40余万元的20000多份自加热米饭套餐等食品。 据悉，三全自加热米饭是自加热产品，不需要水和电，,三全食品,1,2025-12-13 18:18:29,2020-01-01 to 2020-01-31
三全食品：进一步扩大速冻产品在餐饮业内的应用,https://www.iwencai.com/unifiedwap/inforesult?w=%E4%B8%89%E5%85%A8%E9%A3%9F%E5%93%81&querytype=news&search1=&search2=&search3=2020-01-01~2020-01-31&search4=&search5=&page=1,iWenCai,Unknown time,三全食品：进一步扩大速冻产品在餐饮业内的应用,三全食品,1,2025-12-13 18:18:29,2020-01-01 to 2020-01-31
三全食品：进一步扩大速冻产品在餐饮业内的应用.......,https://www.iwencai.com/unifiedwap/inforesult?w=%E4%B8%89%E5%85%A8%E9%A3%9F%E5%93%81&querytype=news&search1=&search2=&search3=2020-01-01~2020-01-31&search4=&search5=&page=1,iWenCai,Unknown time,三全食品：进一步扩大速冻产品在餐饮业内的应用.......,三全食品,1,2025-12-13 18:18:29,2020-01-01 to 2020-01-31
三全食品：速冻食品研发创新和检验检测领域处于行业领先地位,https://www.iwencai.com/unifiedwap/inforesult?w=%E4%B8%89%E5%85%A8%E9%A3%9F%E5%93%81&querytype=news&search1=&search2=&search3=2020-01-01~2020-01-31&search4=&search5=&page=1,iWenCai,Unknown time,三全食品：速冻食品研发创新和检验检测领域处于行业领先地位,三全食品,1,2025-12-13 18:18:29,2020-01-01 to 2020-01-31
三全食品：速冻食品研发创新和检验检测领域处于行业领先地位.......,https://www.iwencai.com/unifiedwap/inforesult?w=%E4%B8%89%E5%85%A8%E9%A3%9F%E5%93%81&querytype=news&search1=&search2=&search3=2020-01-01~2020-01-31&search4=&search5=&page=1,iWenCai,Unknown time,三全食品：速冻食品研发创新和检验检测领域处于行业领先地位.......,三全食品,1,2025-12-13 18:18:29,2020-01-01 to 2020-01-31
三全食品计划全覆盖大城市群鲜食供应链.......,https://www.iwencai.com/unifiedwap/inforesult?w=%E4%B8%89%E5%85%A8%E9%A3%9F%E5%93%81&querytype=news&search1=&search2=&search3=2020-01-01~2020-01-31&search4=&search5=&page=1,iWenCai,Unknown time,三全食品计划全覆盖大城市群鲜食供应链.......,三全食品,1,2025-12-13 18:18:29,2020-01-01 to 2020-01-31
三全食品、海欣食品、安井食品，在2019前三季度均保持着盈利状态。其中，三全食品、安井食品的净利润更是分别增长超30%、21%。 其中，惠发食品原材料主要为...,https://www.iwencai.com/unifiedwap/inforesult?w=%E4%B8%89%E5%85%A8%E9%A3%9F%E5%93%81&querytype=news&search1=&search2=&search3=2020-01-01~2020-01-31&search4=&search5=&page=1,iWenCai,Unknown time,据2019年三季报显示，惠发食品的存货规模持续扩大，截止三季度末存货高达1.63亿元，且其存货并非以原材料为主，库存商品占据了重要份额。2018年末，库存商品达0.51亿元，约占存货账面价值的34%。 同时，2016年以来，惠发食品的存货天数不断上升，2019年前三季度的存货周转天数超70天。 面临,三全食品,1,2025-12-13 18:18:29,2020-01-01 to 2020-01-31
三全食品现在已经...,https://www.iwencai.com/unifiedwap/inforesult?w=%E4%B8%89%E5%85%A8%E9%A3%9F%E5%93%81&querytype=news&search1=&search2=&search3=2020-02-01~2020-02-29&search4=&search5=&page=1,iWenCai,Unknown time,投资者提问：本人有些不成熟想法，希望能助三全公司更好发展。三全食品现在已经...,三全食品,1,2025-12-13 18:18:38,2020-02-01 to 2020-02-29
三全食品现在已经两全。一全是品牌，知名度全国已打响；二全是渠道，全国的渠道已下沉到地级市县。三全是产品，我认为还没全。一全二全已有，相当于瓶子已有，关键是要往里装新酒。速冻食品都可以有，三全鱼丸，三全...,https://www.iwencai.com/unifiedwap/inforesult?w=%E4%B8%89%E5%85%A8%E9%A3%9F%E5%93%81&querytype=news&search1=&search2=&search3=2020-02-01~2020-02-29&search4=&search5=&page=1,iWenCai,Unknown time,投资者提问： 本人有些不成熟想法，希望能助三全公司更好发展。三全食品现在已经两全。一全是品牌，知名度全国已打响；二全是渠道，全国的渠道已下沉到地级市县。三全是产品，我认为还没全。一全二全已有，相当于瓶子已有，关键是要往里装新酒。速冻食品都可以有，三全鱼丸，三全虾丸，三全牛肉丸，三全方便面，三全火腿肠,三全食品,1,2025-12-13 18:18:38,2020-02-01 to 2020-02-29
三全食品呈现逆势上涨之态,https://www.iwencai.com/unifiedwap/inforesult?w=%E4%B8%89%E5%85%A8%E9%A3%9F%E5%93%81&querytype=news&search1=&search2=&search3=2020-02-01~2020-02-29&search4=&search5=&page=1,iWenCai,Unknown time,食品板块大跌 克明面业、三全食品呈现逆势上涨之态,三全食品,1,2025-12-13 18:18:38,2020-02-01 to 2020-02-29
三全食品呈现逆势上涨之态 来源：上海证券报 面对突如其来的疫情，各行各业都在迎接挑战。 2月3日，食品板块上市公司股价大多大幅下跌，却有两只个股呈现逆势上涨之态。截至收盘，克明面业上涨6.58%，三全...,https://www.iwencai.com/unifiedwap/inforesult?w=%E4%B8%89%E5%85%A8%E9%A3%9F%E5%93%81&querytype=news&search1=&search2=&search3=2020-02-01~2020-02-29&search4=&search5=&page=1,上海证券报,Unknown time,原标题：食品板块大跌 克明面业、三全食品呈现逆势上涨之态 来源：上海证券报 面对突如其来的疫情，各行各业都在迎接挑战。 2月3日，食品板块上市公司股价大多大幅下跌，却有两只个股呈现逆势上涨之态。截至收盘，克明面业上涨6.58%，三全食品上涨3.84%。 三全食品在2日下午组织电话交流会，回应了此次疫,三全食品,1,2025-12-13 18:18:38,2020-02-01 to 2020-02-29
三全食品事件点评：春节前移带动收入加快，组织优化助推盈利大幅提升 —方正食品饮料...,https://www.iwencai.com/unifiedwap/inforesult?w=%E4%B8%89%E5%85%A8%E9%A3%9F%E5%93%81&querytype=news&search1=&search2=&search3=2020-02-01~2020-02-29&search4=&search5=&page=1,iWenCai,Unknown time,【三全食品事件点评：春节前移带动收入加快，组织优化助推盈利大幅提升 —方正食品饮料...,三全食品,1,2025-12-13 18:18:38,2020-02-01 to 2020-02-29
三全食品事件点评：春节前移带动收入加快，组织优化助推盈利大幅提升 —方正食品饮料200225】 来源：虎哥的研究 事件描述 2月24日，公司披露19年业绩快报，营收59.92亿元（+8.2%），归母净...,https://www.iwencai.com/unifiedwap/inforesult?w=%E4%B8%89%E5%85%A8%E9%A3%9F%E5%93%81&querytype=news&search1=&search2=&search3=2020-02-01~2020-02-29&search4=&search5=&page=1,虎哥的研究,Unknown time,原标题：【三全食品事件点评：春节前移带动收入加快，组织优化助推盈利大幅提升 —方正食品饮料200225】 来源：虎哥的研究 事件描述 2月24日，公司披露19年业绩快报，营收59.92亿元（+8.2%），归母净利润2.11亿元（+106.7%）。 方正观点 1、19年收入利润均超预期，春节旺季前移对,三全食品,1,2025-12-13 18:18:38,2020-02-01 to 2020-02-29
三全食品发布2019年度业绩快报显示，报告期内，三全食品实现营业收入59.92亿元，同比增长8.16%；实现营业利润2.45亿元，同比增长89.71%；实现利润总额2.48亿元，同比增长86.77%；...,https://www.iwencai.com/unifiedwap/inforesult?w=%E4%B8%89%E5%85%A8%E9%A3%9F%E5%93%81&querytype=news&search1=&search2=&search3=2020-02-01~2020-02-29&search4=&search5=&page=1,iWenCai,Unknown time,2月24日，三全食品发布2019年度业绩快报显示，报告期内，三全食品实现营业收入59.92亿元，同比增长8.16%；实现营业利润2.45亿元，同比增长89.71%；实现利润总额2.48亿元，同比增长86.77%；实现归属于上市公司股东的净利润2.11亿元，同比增长106.69%。对于业绩增长，三全食,三全食品,1,2025-12-13 18:18:38,2020-02-01 to 2020-02-29
三全食品2019年净利2.11亿元，增幅超一倍,https://www.iwencai.com/unifiedwap/inforesult?w=%E4%B8%89%E5%85%A8%E9%A3%9F%E5%93%81&querytype=news&search1=&search2=&search3=2020-02-01~2020-02-29&search4=&search5=&page=1,iWenCai,Unknown time,三全食品2019年净利2.11亿元，增幅超一倍,三全食品,1,2025-12-13 18:18:38,2020-02-01 to 2020-02-29
三全食品2019年净利2.11亿元，增幅超一倍 来源：新京报 新京报讯（记者 郭铁）2月24日，三全食品发布2019年度业绩快报称，公司营业收入为59.92亿元，同比增长8.16%；净利润为2.11亿...,https://www.iwencai.com/unifiedwap/inforesult?w=%E4%B8%89%E5%85%A8%E9%A3%9F%E5%93%81&querytype=news&search1=&search2=&search3=2020-02-01~2020-02-29&search4=&search5=&page=1,新京报,Unknown time,原标题：三全食品2019年净利2.11亿元，增幅超一倍 来源：新京报 新京报讯（记者 郭铁）2月24日，三全食品发布2019年度业绩快报称，公司营业收入为59.92亿元，同比增长8.16%；净利润为2.11亿元，同比增长106.69%。 对于业绩增长，三全食品归因于传统零售市场通过优化产品结构，积极,三全食品,1,2025-12-13 18:18:38,2020-02-01 to 2020-02-29
三全食品实现营业收入59.92亿元，同比增长8.16%；实现营业利润2.45亿元，同比增长89.71%；实现利润总额2.48亿元，同比增长86.77%；实现归属于上市公司股东的净利润2.11亿元，同比...,https://www.iwencai.com/unifiedwap/inforesult?w=%E4%B8%89%E5%85%A8%E9%A3%9F%E5%93%81&querytype=news&search1=&search2=&search3=2020-02-01~2020-02-29&search4=&search5=&page=1,iWenCai,Unknown time,布2019年度业绩快报显示，报告期内，三全食品实现营业收入59.92亿元，同比增长8.16%；实现营业利润2.45亿元，同比增长89.71%；实现利润总额2.48亿元，同比增长86.77%；实现归属于上市公司股东的净利润2.11亿元，同比增长106.69%。 北京商报讯 2月24日，三全食品发布20,三全食品,1,2025-12-13 18:18:38,2020-02-01 to 2020-02-29
三全食品2月24日盘中涨停 来源：e公司 2月24日盘中三全食品涨停，截至发稿，股价报17.72元，成交2.85亿元，换手率2.95%，振幅9.44%。 资金面上，三全食品近5日主力资金净流入1117...,https://www.iwencai.com/unifiedwap/inforesult?w=%E4%B8%89%E5%85%A8%E9%A3%9F%E5%93%81&querytype=news&search1=&search2=&search3=2020-02-01~2020-02-29&search4=&search5=&page=1,e公司,Unknown time,原标题：三全食品2月24日盘中涨停 来源：e公司 2月24日盘中三全食品涨停，截至发稿，股价报17.72元，成交2.85亿元，换手率2.95%，振幅9.44%。 资金面上，三全食品近5日主力资金净流入1117.25万元，主力资金总体呈现净流入状态。 三全食品公司主营业务为汤圆、面点及其他、水饺，20,三全食品,1,2025-12-13 18:18:38,2020-02-01 to 2020-02-29
三全食品涨停 报于17.72元 金融界网站2月24日讯 今日三全食品开盘报16.36元，截止14:00分，该股涨9.99%报17.72元，封上涨停板。 昨日（2020-02-21）该股净流出金额143...,https://www.iwencai.com/unifiedwap/inforesult?w=%E4%B8%89%E5%85%A8%E9%A3%9F%E5%93%81&querytype=news&search1=&search2=&search3=2020-02-01~2020-02-29&search4=&search5=&page=1,iWenCai,2020-02-21,原标题：快讯：三全食品涨停 报于17.72元 金融界网站2月24日讯 今日三全食品开盘报16.36元，截止14:00分，该股涨9.99%报17.72元，封上涨停板。 昨日（2020-02-21）该股净流出金额1431.16万元，主力净流出1483.32万元，中单净流出151.77万元，散户净流入20,三全食品,1,2025-12-13 18:18:38,2020-02-01 to 2020-02-29
三全食品2019年净利2.11亿元同比增长107%,https://www.iwencai.com/unifiedwap/inforesult?w=%E4%B8%89%E5%85%A8%E9%A3%9F%E5%93%81&querytype=news&search1=&search2=&search3=2020-02-01~2020-02-29&search4=&search5=&page=1,iWenCai,Unknown time,三全食品2019年净利2.11亿元同比增长107%,三全食品,1,2025-12-13 18:18:38,2020-02-01 to 2020-02-29
三全食品主要从事速冻汤圆、速冻水饺、速冻粽子、速冻面点等速冻米面食品和常温方便食品的生产和销售。 值得注意的是，三全食品曾在2018年2月收到深交所发来的《关于媒体报道灌汤水饺疑似非洲猪瘟病毒核酸阳性...,https://www.iwencai.com/unifiedwap/inforesult?w=%E4%B8%89%E5%85%A8%E9%A3%9F%E5%93%81&querytype=news&search1=&search2=&search3=2020-02-01~2020-02-29&search4=&search5=&page=1,iWenCai,Unknown time,三全食品主要从事速冻汤圆、速冻水饺、速冻粽子、速冻面点等速冻米面食品和常温方便食品的生产和销售。 值得注意的是，三全食品曾在2018年2月收到深交所发来的《关于媒体报道灌汤水饺疑似非洲猪瘟病毒核酸阳性情况说明的公告》，三全食品对此回复称，公司第一时间封存相关疑似产品灌汤水饺共计封存24127件，价值,三全食品,1,2025-12-13 18:18:38,2020-02-01 to 2020-02-29
三全食品、顺鑫农业,https://www.iwencai.com/unifiedwap/inforesult?w=%E4%B8%89%E5%85%A8%E9%A3%9F%E5%93%81&querytype=news&search1=&search2=&search3=2020-02-01~2020-02-29&search4=&search5=&page=1,iWenCai,Unknown time,中泰证券：重点推荐伊利股份、贵州茅台、三全食品、顺鑫农业,三全食品,1,2025-12-13 18:18:38,2020-02-01 to 2020-02-29
三全食品、顺鑫农业...,https://www.iwencai.com/unifiedwap/inforesult?w=%E4%B8%89%E5%85%A8%E9%A3%9F%E5%93%81&querytype=news&search1=&search2=&search3=2020-02-01~2020-02-29&search4=&search5=&page=1,iWenCai,Unknown time,中泰证券发布2019Q4食品饮料行业基金持仓分析，总结来看，四季度板块持仓回落系合理现象，主要是名酒主动降速所致，而非行业基本面发生变化。近期新型冠状病毒的爆发一定程度上影响短期消费，短期来看食品等必选消费更优，速冻食品、液态奶、方便面、火腿肠（双汇）、部分保健品（Vc等）等有望受益，调味品、啤酒（,三全食品,1,2025-12-13 18:18:38,2020-02-01 to 2020-02-29
三全食品股份有限公司复工复产保障车辆举行发车仪式,https://www.iwencai.com/unifiedwap/inforesult?w=%E4%B8%89%E5%85%A8%E9%A3%9F%E5%93%81&querytype=news&search1=&search2=&search3=2020-02-01~2020-02-29&search4=&search5=&page=1,iWenCai,Unknown time,三全食品股份有限公司复工复产保障车辆举行发车仪式,三全食品,1,2025-12-13 18:18:38,2020-02-01 to 2020-02-29
三全食品股份有限公司复工复产保障车辆举行发车仪式。市政府副秘书长、市交通运输局局长翟政、区长丁文霞，副区长黄国彦出席发车仪式。 面对“工人无法上岗导致企业生产产能低下”这一问题，为帮助辖区内的三全食品...,https://www.iwencai.com/unifiedwap/inforesult?w=%E4%B8%89%E5%85%A8%E9%A3%9F%E5%93%81&querytype=news&search1=&search2=&search3=2020-02-01~2020-02-29&search4=&search5=&page=1,iWenCai,Unknown time,2月14日上午，三全食品股份有限公司复工复产保障车辆举行发车仪式。市政府副秘书长、市交通运输局局长翟政、区长丁文霞，副区长黄国彦出席发车仪式。 面对“工人无法上岗导致企业生产产能低下”这一问题，为帮助辖区内的三全食品股份有限公司82名员工从平顶山返厂，我区充分发挥政府职能作用，主动联系交运集团，做好,三全食品,1,2025-12-13 18:18:38,2020-02-01 to 2020-02-29
三全食品最新股东户数下降5.24% 三全食品2月21日在交易所互动平台中披露，截至2月20日公司股东户数为25814户，较上期（2月10日）减少1427户，环比降幅为5.24%。 证券时报•数据宝统计...,https://www.iwencai.com/unifiedwap/inforesult?w=%E4%B8%89%E5%85%A8%E9%A3%9F%E5%93%81&querytype=news&search1=&search2=&search3=2020-02-01~2020-02-29&search4=&search5=&page=1,iWenCai,Unknown time,原标题：三全食品最新股东户数下降5.24% 三全食品2月21日在交易所互动平台中披露，截至2月20日公司股东户数为25814户，较上期（2月10日）减少1427户，环比降幅为5.24%。 证券时报•数据宝统计，截至发稿，三全食品收盘价为16.11元，下跌1.17%，本期筹码集中以来股价累计上涨3.9,三全食品,1,2025-12-13 18:18:38,2020-02-01 to 2020-02-29
三全食品：降低疫情传播风险 “点对点”解决员工返岗难题,https://www.iwencai.com/unifiedwap/inforesult?w=%E4%B8%89%E5%85%A8%E9%A3%9F%E5%93%81&querytype=news&search1=&search2=&search3=2020-02-01~2020-02-29&search4=&search5=&page=1,iWenCai,Unknown time,三全食品：降低疫情传播风险 “点对点”解决员工返岗难题,三全食品,1,2025-12-13 18:18:38,2020-02-01 to 2020-02-29
三全食品：降低疫情传播风险 “点对点”解决员工返岗难题.......,https://www.iwencai.com/unifiedwap/inforesult?w=%E4%B8%89%E5%85%A8%E9%A3%9F%E5%93%81&querytype=news&search1=&search2=&search3=2020-02-01~2020-02-29&search4=&search5=&page=1,iWenCai,Unknown time,三全食品：降低疫情传播风险 “点对点”解决员工返岗难题.......,三全食品,1,2025-12-13 18:18:38,2020-02-01 to 2020-02-29
三全食品积极提前复工.......,https://www.iwencai.com/unifiedwap/inforesult?w=%E4%B8%89%E5%85%A8%E9%A3%9F%E5%93%81&querytype=news&search1=&search2=&search3=2020-02-01~2020-02-29&search4=&search5=&page=1,iWenCai,Unknown time,保障供应 驰援武汉 三全食品积极提前复工.......,三全食品,1,2025-12-13 18:18:38,2020-02-01 to 2020-02-29
三全食品回应疫情影响：市场需求较同期上升 库存可满足元宵节需求,https://www.iwencai.com/unifiedwap/inforesult?w=%E4%B8%89%E5%85%A8%E9%A3%9F%E5%93%81&querytype=news&search1=&search2=&search3=2020-02-01~2020-02-29&search4=&search5=&page=1,iWenCai,Unknown time,三全食品回应疫情影响：市场需求较同期上升 库存可满足元宵节需求,三全食品,1,2025-12-13 18:18:38,2020-02-01 to 2020-02-29
三全食品2日下午组织电话交流会，回应疫情影响：考虑到今年春节前置等因素，公司节前就库存及销售提前进行了安排，较历史同期增加了库存准备，目前市场需求较同期上升，公司及渠道库存可满足近期及元宵节市场需求。...,https://www.iwencai.com/unifiedwap/inforesult?w=%E4%B8%89%E5%85%A8%E9%A3%9F%E5%93%81&querytype=news&search1=&search2=&search3=2020-02-01~2020-02-29&search4=&search5=&page=1,iWenCai,Unknown time,三全食品2日下午组织电话交流会，回应疫情影响：考虑到今年春节前置等因素，公司节前就库存及销售提前进行了安排，较历史同期增加了库存准备，目前市场需求较同期上升，公司及渠道库存可满足近期及元宵节市场需求。同时，公司正积极组织物流运力，并按各地政府要求恢复生产确保后期市场供应。对公司业绩影响，从需求端呈现,三全食品,1,2025-12-13 18:18:38,2020-02-01 to 2020-02-29
三全食品 公告编号：2020-006 三全食品股份有限公司关于...,https://www.iwencai.com/unifiedwap/inforesult?w=%E4%B8%89%E5%85%A8%E9%A3%9F%E5%93%81&querytype=news&search1=&search2=&search3=2020-03-01~2020-03-31&search4=&search5=&page=1,iWenCai,Unknown time,证券代码：002216 证券简称：三全食品 公告编号：2020-006 三全食品股份有限公司关于...,三全食品,1,2025-12-13 18:18:47,2020-03-01 to 2020-03-31
"三全食品股份有限公司（以下简称“三全食品”、“公司”）于2020年1月至3月共收到政府补助12,696,290.90元。具体情况如下： 三全食品全资子公司天津全津食品有限公司（以下简称“天津全津”）、...",https://www.iwencai.com/unifiedwap/inforesult?w=%E4%B8%89%E5%85%A8%E9%A3%9F%E5%93%81&querytype=news&search1=&search2=&search3=2020-03-01~2020-03-31&search4=&search5=&page=1,iWenCai,Unknown time,"本公司及董事会全体成员保证信息披露的内容真实、准确、完整，没有虚假记载、误导性陈述或重大遗漏。 一、获取补助的基本情况 三全食品股份有限公司（以下简称“三全食品”、“公司”）于2020年1月至3月共收到政府补助12,696,290.90元。具体情况如下： 三全食品全资子公司天津全津食品有限公司（以下",三全食品,1,2025-12-13 18:18:47,2020-03-01 to 2020-03-31
三全食品：已出资3亿元购买银行理财产品,https://www.iwencai.com/unifiedwap/inforesult?w=%E4%B8%89%E5%85%A8%E9%A3%9F%E5%93%81&querytype=news&search1=&search2=&search3=2020-03-01~2020-03-31&search4=&search5=&page=1,iWenCai,Unknown time,快讯|三全食品：已出资3亿元购买银行理财产品,三全食品,1,2025-12-13 18:18:47,2020-03-01 to 2020-03-31
三全食品：已出资3亿元购买银行理财产品 来源：财经网 财经网产经讯 3月26日下午，三全食品发布关于使用自有资金进行投资理财的进展公告。宣布公司已于今年3月24日，与中国银行股份有限公司郑州文化支行签...,https://www.iwencai.com/unifiedwap/inforesult?w=%E4%B8%89%E5%85%A8%E9%A3%9F%E5%93%81&querytype=news&search1=&search2=&search3=2020-03-01~2020-03-31&search4=&search5=&page=1,财经网,Unknown time,"原标题：快讯|三全食品：已出资3亿元购买银行理财产品 来源：财经网 财经网产经讯 3月26日下午，三全食品发布关于使用自有资金进行投资理财的进展公告。宣布公司已于今年3月24日，与中国银行股份有限公司郑州文化支行签订了《中国银行挂钩型结构性存款认购委托书》，使用人民币20,000万元自有资金购买了上",三全食品,1,2025-12-13 18:18:47,2020-03-01 to 2020-03-31
三全食品股份有限公司新增对外投资 来源：经济观察网 启信宝数据显示，3月23日，三全食品股份有限公司新增对外投资，新增对外投资公司为郑州全盈食品有限公司，认缴出资额为1000万元，为三全食品全资控股....,https://www.iwencai.com/unifiedwap/inforesult?w=%E4%B8%89%E5%85%A8%E9%A3%9F%E5%93%81&querytype=news&search1=&search2=&search3=2020-03-01~2020-03-31&search4=&search5=&page=1,经济观察网,Unknown time,原标题：三全食品股份有限公司新增对外投资 来源：经济观察网 启信宝数据显示，3月23日，三全食品股份有限公司新增对外投资，新增对外投资公司为郑州全盈食品有限公司，认缴出资额为1000万元，为三全食品全资控股...,三全食品,1,2025-12-13 18:18:47,2020-03-01 to 2020-03-31
三全食品：今年前三月收到政府补助1269.6万元,https://www.iwencai.com/unifiedwap/inforesult?w=%E4%B8%89%E5%85%A8%E9%A3%9F%E5%93%81&querytype=news&search1=&search2=&search3=2020-03-01~2020-03-31&search4=&search5=&page=1,iWenCai,Unknown time,三全食品：今年前三月收到政府补助1269.6万元,三全食品,1,2025-12-13 18:18:47,2020-03-01 to 2020-03-31
"三全食品发布关于获得政府补助的公告。称于2020年1月至3月共收到政府补助12,696,290.90元。同时，本次收到的政府补助，预计增加上市公司利润总额12,696,290.90元。 其中，三全食品...",https://www.iwencai.com/unifiedwap/inforesult?w=%E4%B8%89%E5%85%A8%E9%A3%9F%E5%93%81&querytype=news&search1=&search2=&search3=2020-03-01~2020-03-31&search4=&search5=&page=1,iWenCai,Unknown time,"财经网产经讯3月24日下午，三全食品发布关于获得政府补助的公告。称于2020年1月至3月共收到政府补助12,696,290.90元。同时，本次收到的政府补助，预计增加上市公司利润总额12,696,290.90元。 其中，三全食品全资子公司天津全津食品有限公司、三全食品控股子公司郑州全新食品有限公司、",三全食品,1,2025-12-13 18:18:47,2020-03-01 to 2020-03-31
三全食品大股东及其一致行动人拟减持不超2.8%股份,https://www.iwencai.com/unifiedwap/inforesult?w=%E4%B8%89%E5%85%A8%E9%A3%9F%E5%93%81&querytype=news&search1=&search2=&search3=2020-03-01~2020-03-31&search4=&search5=&page=1,iWenCai,Unknown time,三全食品大股东及其一致行动人拟减持不超2.8%股份,三全食品,1,2025-12-13 18:18:47,2020-03-01 to 2020-03-31
三全食品约8427.86万股股份，占公司总股本的比例为10.54%;李冬雨直接持有公司股份约139.85万股，占公司总股本的比例为0.17%。陈泽民的股份来源为三全食品首次公开发行股票前持有的股份、上...,https://www.iwencai.com/unifiedwap/inforesult?w=%E4%B8%89%E5%85%A8%E9%A3%9F%E5%93%81&querytype=news&search1=&search2=&search3=2020-03-01~2020-03-31&search4=&search5=&page=1,iWenCai,Unknown time,对于拟减持的原因，陈泽民及其一致行动人李冬雨称，由于资金需求。截至目前，陈泽民直接持有三全食品约8427.86万股股份，占公司总股本的比例为10.54%;李冬雨直接持有公司股份约139.85万股，占公司总股本的比例为0.17%。陈泽民的股份来源为三全食品首次公开发行股票前持有的股份、上市后资本公积金,三全食品,1,2025-12-13 18:18:47,2020-03-01 to 2020-03-31
三全食品等,https://www.iwencai.com/unifiedwap/inforesult?w=%E4%B8%89%E5%85%A8%E9%A3%9F%E5%93%81&querytype=news&search1=&search2=&search3=2020-03-01~2020-03-31&search4=&search5=&page=1,iWenCai,Unknown time,山西证券：生活必需消费品的需求继续增长 建议关注三全食品等,三全食品,1,2025-12-13 18:18:47,2020-03-01 to 2020-03-31
三全食品等 来源：证券时报网 山西证券指出，短期看，新肺炎疫情抑制春节消费需求，食品饮料子行业影响程度不同。主要在于：礼品消费、聚饮消费受影响较大。因此，高端、次高端白酒、高端乳制品、餐饮渠道占比较大...,https://www.iwencai.com/unifiedwap/inforesult?w=%E4%B8%89%E5%85%A8%E9%A3%9F%E5%93%81&querytype=news&search1=&search2=&search3=2020-03-01~2020-03-31&search4=&search5=&page=1,证券时报网,Unknown time,原标题：山西证券：生活必需消费品的需求继续增长 建议关注三全食品等 来源：证券时报网 山西证券指出，短期看，新肺炎疫情抑制春节消费需求，食品饮料子行业影响程度不同。主要在于：礼品消费、聚饮消费受影响较大。因此，高端、次高端白酒、高端乳制品、餐饮渠道占比较大调味品、B端速冻食品受到较大的影响，而C端速,三全食品,1,2025-12-13 18:18:47,2020-03-01 to 2020-03-31
三全食品股份有限公司关于大股东及其一致行动人减持股份的预披露公告,https://www.iwencai.com/unifiedwap/inforesult?w=%E4%B8%89%E5%85%A8%E9%A3%9F%E5%93%81&querytype=news&search1=&search2=&search3=2020-03-01~2020-03-31&search4=&search5=&page=1,iWenCai,Unknown time,三全食品股份有限公司关于大股东及其一致行动人减持股份的预披露公告,三全食品,1,2025-12-13 18:18:47,2020-03-01 to 2020-03-31
三全食品股份有限公司关于大股东及其一致行动人减持股份的预披露公告 本公司及董事会全体成员保证信息披露内容的真实、准确和完整，没有虚假记载、误导性陈述或重大遗漏。 特别提示： 三全食品股份有限公司（以下...,https://www.iwencai.com/unifiedwap/inforesult?w=%E4%B8%89%E5%85%A8%E9%A3%9F%E5%93%81&querytype=news&search1=&search2=&search3=2020-03-01~2020-03-31&search4=&search5=&page=1,iWenCai,Unknown time,原标题：三全食品股份有限公司关于大股东及其一致行动人减持股份的预披露公告 本公司及董事会全体成员保证信息披露内容的真实、准确和完整，没有虚假记载、误导性陈述或重大遗漏。 特别提示： 三全食品股份有限公司（以下简称“公司”）于近日收到公司大股东陈泽民先生及其一致行动人李冬雨女士的《减持计划告知函》。计,三全食品,1,2025-12-13 18:18:47,2020-03-01 to 2020-03-31
三全食品：大股东及其一致行动人计划减持2237.9万股,https://www.iwencai.com/unifiedwap/inforesult?w=%E4%B8%89%E5%85%A8%E9%A3%9F%E5%93%81&querytype=news&search1=&search2=&search3=2020-03-01~2020-03-31&search4=&search5=&page=1,iWenCai,Unknown time,快讯| 三全食品：大股东及其一致行动人计划减持2237.9万股,三全食品,1,2025-12-13 18:18:47,2020-03-01 to 2020-03-31
三全食品：大股东及其一致行动人计划减持2237.9万股 来源：财经网 财经网产经讯 3月23日晚间，三全食品发布大股东及其一致行动人减持股份的预披露公告。宣布公司大股东陈泽民与其一致行动人李冬雨计划自...,https://www.iwencai.com/unifiedwap/inforesult?w=%E4%B8%89%E5%85%A8%E9%A3%9F%E5%93%81&querytype=news&search1=&search2=&search3=2020-03-01~2020-03-31&search4=&search5=&page=1,财经网,Unknown time,"原标题：快讯| 三全食品：大股东及其一致行动人计划减持2237.9万股 来源：财经网 财经网产经讯 3月23日晚间，三全食品发布大股东及其一致行动人减持股份的预披露公告。宣布公司大股东陈泽民与其一致行动人李冬雨计划自本公告披露之日起十五个交易日后的六个月内减持合计不超过22,379,230 股（占公",三全食品,1,2025-12-13 18:18:47,2020-03-01 to 2020-03-31
三全食品股份有限公司新增对外投资.......,https://www.iwencai.com/unifiedwap/inforesult?w=%E4%B8%89%E5%85%A8%E9%A3%9F%E5%93%81&querytype=news&search1=&search2=&search3=2020-03-01~2020-03-31&search4=&search5=&page=1,iWenCai,Unknown time,三全食品股份有限公司新增对外投资.......,三全食品,1,2025-12-13 18:18:47,2020-03-01 to 2020-03-31
三全食品。 3月4日，三全食品盘中最高价20.24元，创近一年新高。而在2月3日，疫情后的第一个交易日，A股早间开盘，两市超3000只个股跌停。上证综指回退至2019年2月15日2682.39点的水平...,https://www.iwencai.com/unifiedwap/inforesult?w=%E4%B8%89%E5%85%A8%E9%A3%9F%E5%93%81&querytype=news&search1=&search2=&search3=2020-03-01~2020-03-31&search4=&search5=&page=1,iWenCai,2019年2月15日,思念食品销量涨20倍 被“吃火”的上市公司，还有三全食品。 3月4日，三全食品盘中最高价20.24元，创近一年新高。而在2月3日，疫情后的第一个交易日，A股早间开盘，两市超3000只个股跌停。上证综指回退至2019年2月15日2682.39点的水平，抹平了A股近一年的涨幅。但在当日10点左右，三全食,三全食品,1,2025-12-13 18:18:47,2020-03-01 to 2020-03-31
三全食品一季度净利润增长541.13%,https://www.iwencai.com/unifiedwap/inforesult?w=%E4%B8%89%E5%85%A8%E9%A3%9F%E5%93%81&querytype=news&search1=&search2=&search3=2020-04-01~2020-04-30&search4=&search5=&page=1,iWenCai,Unknown time,转让子公司股权 三全食品一季度净利润增长541.13%,三全食品,1,2025-12-13 18:18:55,2020-04-01 to 2020-04-30
三全食品一季度净利润增长541.13% 来源：北京商报 北京商报讯（记者 李振兴）4月28日，三全食品股份有限公司（以下简称“三全食品”）发布公告称，2020年一季度营业收入 22.17亿元，同比增长...,https://www.iwencai.com/unifiedwap/inforesult?w=%E4%B8%89%E5%85%A8%E9%A3%9F%E5%93%81&querytype=news&search1=&search2=&search3=2020-04-01~2020-04-30&search4=&search5=&page=1,北京商报,Unknown time,原标题：转让子公司股权 三全食品一季度净利润增长541.13% 来源：北京商报 北京商报讯（记者 李振兴）4月28日，三全食品股份有限公司（以下简称“三全食品”）发布公告称，2020年一季度营业收入 22.17亿元，同比增长16.14%，归属于上市公司股东的净利润2.58亿元，同比增长541.13%,三全食品,1,2025-12-13 18:18:55,2020-04-01 to 2020-04-30
三全食品股份有限公司 一、重要提示 本年度报告摘要来自年度报告全文，为全面了解本公司的经营成果、财务状况及未来发展规划，投资者应当到证监会指定媒体仔细阅读年度报告全文。 非标准审计意见提示 □ 适用 ...,https://www.iwencai.com/unifiedwap/inforesult?w=%E4%B8%89%E5%85%A8%E9%A3%9F%E5%93%81&querytype=news&search1=&search2=&search3=2020-04-01~2020-04-30&search4=&search5=&page=1,iWenCai,Unknown time,原标题：三全食品股份有限公司 一、重要提示 本年度报告摘要来自年度报告全文，为全面了解本公司的经营成果、财务状况及未来发展规划，投资者应当到证监会指定媒体仔细阅读年度报告全文。 非标准审计意见提示 □ 适用 √ 不适用 董事会审议的报告期普通股利润分配预案或公积金转增股本预案 √ 适用 □ 不适用 ,三全食品,1,2025-12-13 18:18:55,2020-04-01 to 2020-04-30
三全食品2019年营收59.86亿 水饺汤圆毛利率均下降,https://www.iwencai.com/unifiedwap/inforesult?w=%E4%B8%89%E5%85%A8%E9%A3%9F%E5%93%81&querytype=news&search1=&search2=&search3=2020-04-01~2020-04-30&search4=&search5=&page=1,iWenCai,Unknown time,三全食品2019年营收59.86亿 水饺汤圆毛利率均下降,三全食品,1,2025-12-13 18:18:55,2020-04-01 to 2020-04-30
三全食品2019年营收59.86亿 水饺汤圆毛利率均下降 来源：中国网财经 中国网财经4月28日讯(记者 郭帅)三全食品(SZ:002216)今日披露2019年年度报告，公司全年实现营收59.86亿元...,https://www.iwencai.com/unifiedwap/inforesult?w=%E4%B8%89%E5%85%A8%E9%A3%9F%E5%93%81&querytype=news&search1=&search2=&search3=2020-04-01~2020-04-30&search4=&search5=&page=1,中国网财经,Unknown time,原标题：三全食品2019年营收59.86亿 水饺汤圆毛利率均下降 来源：中国网财经 中国网财经4月28日讯(记者 郭帅)三全食品(SZ:002216)今日披露2019年年度报告，公司全年实现营收59.86亿元，同比增加8.06%；实现净利润2.20亿元，同比增加115.91%。 三全食品表示，报告期,三全食品,1,2025-12-13 18:18:55,2020-04-01 to 2020-04-30
三全食品、绝味、双汇发展布局餐饮，或将形成新格局,https://www.iwencai.com/unifiedwap/inforesult?w=%E4%B8%89%E5%85%A8%E9%A3%9F%E5%93%81&querytype=news&search1=&search2=&search3=2020-04-01~2020-04-30&search4=&search5=&page=1,iWenCai,Unknown time,变革与自救！三全食品、绝味、双汇发展布局餐饮，或将形成新格局,三全食品,1,2025-12-13 18:18:55,2020-04-01 to 2020-04-30
三全食品”开始布局酒店餐饮，并建立三全餐饮事业部，主要服务星级酒店、中西快餐、西餐及饼房、中高档酒楼及宴席、团膳、其他社会餐饮。 根据三全食品公报披露，该事业部将全力开拓“酒店餐桌”市场，赶超三全食品...,https://www.iwencai.com/unifiedwap/inforesult?w=%E4%B8%89%E5%85%A8%E9%A3%9F%E5%93%81&querytype=news&search1=&search2=&search3=2020-04-01~2020-04-30&search4=&search5=&page=1,iWenCai,Unknown time,那么，作为餐饮供应链源头的食品、农产品企业，同样拥有巨大的市场机会。 早在2012年，速冻巨头“三全食品”开始布局酒店餐饮，并建立三全餐饮事业部，主要服务星级酒店、中西快餐、西餐及饼房、中高档酒楼及宴席、团膳、其他社会餐饮。 根据三全食品公报披露，该事业部将全力开拓“酒店餐桌”市场，赶超三全食品现有,三全食品,1,2025-12-13 18:18:55,2020-04-01 to 2020-04-30
三全食品股份有限公司关于获得政府补助的公告,https://www.iwencai.com/unifiedwap/inforesult?w=%E4%B8%89%E5%85%A8%E9%A3%9F%E5%93%81&querytype=news&search1=&search2=&search3=2020-04-01~2020-04-30&search4=&search5=&page=1,iWenCai,Unknown time,三全食品股份有限公司关于获得政府补助的公告,三全食品,1,2025-12-13 18:18:55,2020-04-01 to 2020-04-30
三全食品股份有限公司关于获得政府补助的公告 本公司及董事会全体成员保证信息披露的内容真实、准确、完整，没有虚假记载、误导性陈述或重大遗漏。 一、获取补助的基本情况 三全食品股份有限公司（以下简称“三全...,https://www.iwencai.com/unifiedwap/inforesult?w=%E4%B8%89%E5%85%A8%E9%A3%9F%E5%93%81&querytype=news&search1=&search2=&search3=2020-04-01~2020-04-30&search4=&search5=&page=1,iWenCai,Unknown time,"原标题：三全食品股份有限公司关于获得政府补助的公告 本公司及董事会全体成员保证信息披露的内容真实、准确、完整，没有虚假记载、误导性陈述或重大遗漏。 一、获取补助的基本情况 三全食品股份有限公司（以下简称“三全食品”、“公司”）于近期共收到政府补助11,716,321.15元。具体情况如下： 三全食品",三全食品,1,2025-12-13 18:18:55,2020-04-01 to 2020-04-30
三全食品利润率突翻倍引监管 股价飙升大股东精准高位减持套现4亿,https://www.iwencai.com/unifiedwap/inforesult?w=%E4%B8%89%E5%85%A8%E9%A3%9F%E5%93%81&querytype=news&search1=&search2=&search3=2020-04-01~2020-04-30&search4=&search5=&page=1,iWenCai,Unknown time,三全食品利润率突翻倍引监管 股价飙升大股东精准高位减持套现4亿,三全食品,1,2025-12-13 18:18:55,2020-04-01 to 2020-04-30
三全食品公告 三全食品以速冻食品、方便快餐食品、罐头食品、糕点、其他食品的生产与销售为主，拥有“三全”和“龙凤”两大知名品牌，且在国内知名度较大，但是却“人红是非多”。 三全食品于4月8日发布的202...,https://www.iwencai.com/unifiedwap/inforesult?w=%E4%B8%89%E5%85%A8%E9%A3%9F%E5%93%81&querytype=news&search1=&search2=&search3=2020-04-01~2020-04-30&search4=&search5=&page=1,三全食品公告,Unknown time,资料来源：三全食品公告 三全食品以速冻食品、方便快餐食品、罐头食品、糕点、其他食品的生产与销售为主，拥有“三全”和“龙凤”两大知名品牌，且在国内知名度较大，但是却“人红是非多”。 三全食品于4月8日发布的2020年一季度业绩预告显示，预计实现归属于上市公司股东的净利润为20909.18万元至2611,三全食品,1,2025-12-13 18:18:55,2020-04-01 to 2020-04-30
三全食品披露大股东巨量减持计划后精准发布5倍预增利好 深交所急发关注函要求说明,https://www.iwencai.com/unifiedwap/inforesult?w=%E4%B8%89%E5%85%A8%E9%A3%9F%E5%93%81&querytype=news&search1=&search2=&search3=2020-04-01~2020-04-30&search4=&search5=&page=1,iWenCai,Unknown time,三全食品披露大股东巨量减持计划后精准发布5倍预增利好 深交所急发关注函要求说明,三全食品,1,2025-12-13 18:18:55,2020-04-01 to 2020-04-30
三全食品(SZ:002216)回复了深交所此前对公司一季度净利润增速过高及拟使用10亿元闲置资金进行证券投资的关注函。三全食品在回复中表示，公司利润率变化是因渠道调整和产品结构优化，利用闲置资金进行证...,https://www.iwencai.com/unifiedwap/inforesult?w=%E4%B8%89%E5%85%A8%E9%A3%9F%E5%93%81&querytype=news&search1=&search2=&search3=2020-04-01~2020-04-30&search4=&search5=&page=1,iWenCai,Unknown time,中国网财经4月13日讯(记者 郭帅)4月10日晚间，三全食品(SZ:002216)回复了深交所此前对公司一季度净利润增速过高及拟使用10亿元闲置资金进行证券投资的关注函。三全食品在回复中表示，公司利润率变化是因渠道调整和产品结构优化，利用闲置资金进行证券投资可以提高资金使用效率，增加投资收益。 一季,三全食品,1,2025-12-13 18:18:55,2020-04-01 to 2020-04-30
三全食品大股东减持，10亿元“炒股”,https://www.iwencai.com/unifiedwap/inforesult?w=%E4%B8%89%E5%85%A8%E9%A3%9F%E5%93%81&querytype=news&search1=&search2=&search3=2020-04-01~2020-04-30&search4=&search5=&page=1,iWenCai,Unknown time,一季度净利润增长5倍，三全食品大股东减持，10亿元“炒股”,三全食品,1,2025-12-13 18:18:55,2020-04-01 to 2020-04-30
三全食品（002216.SZ）一季度净利润同比增长超5倍，对比之前公布的上年业绩快报，比2019年全年净利润还高20%左右，疫情期间，三全食品的股价也屡创新高，一季报公布前大股东陈泽民及其一致行动人披...,https://www.iwencai.com/unifiedwap/inforesult?w=%E4%B8%89%E5%85%A8%E9%A3%9F%E5%93%81&querytype=news&search1=&search2=&search3=2020-04-01~2020-04-30&search4=&search5=&page=1,iWenCai,Unknown time,一季度最重要的事件就是疫情，受疫情影响人们或主动或被动进入厨房，对于速冻食品类的需求大幅提升。 在疫情影响下，三全食品（002216.SZ）一季度净利润同比增长超5倍，对比之前公布的上年业绩快报，比2019年全年净利润还高20%左右，疫情期间，三全食品的股价也屡创新高，一季报公布前大股东陈泽民及其一,三全食品,1,2025-12-13 18:18:55,2020-04-01 to 2020-04-30
三全食品股份有限公司董事会 2020年4月11日 证券代码：002216 证券简称：三全食品 公告编号：2020-014 三全食品股份有限公司 关于获得政府补助的公告 本公司及董事会全体成员保证信息披...,https://www.iwencai.com/unifiedwap/inforesult?w=%E4%B8%89%E5%85%A8%E9%A3%9F%E5%93%81&querytype=news&search1=&search2=&search3=2020-04-01~2020-04-30&search4=&search5=&page=1,iWenCai,2020年4月11日,特此公告。 三全食品股份有限公司董事会 2020年4月11日 证券代码：002216 证券简称：三全食品 公告编号：2020-014 三全食品股份有限公司 关于获得政府补助的公告 本公司及董事会全体成员保证信息披露的内容真实、准确、完整，没有虚假记载、误导性陈述或重大遗漏。 一、获取补助的基本情况 ,三全食品,1,2025-12-13 18:18:55,2020-04-01 to 2020-04-30
三全食品证券投资资金来源存疑 董秘电话连续三日“无法到达”,https://www.iwencai.com/unifiedwap/inforesult?w=%E4%B8%89%E5%85%A8%E9%A3%9F%E5%93%81&querytype=news&search1=&search2=&search3=2020-04-01~2020-04-30&search4=&search5=&page=1,iWenCai,Unknown time,三全食品证券投资资金来源存疑 董秘电话连续三日“无法到达”,三全食品,1,2025-12-13 18:18:55,2020-04-01 to 2020-04-30
三全食品涨停，带动食品消费股走强;但大股东螳螂捕蝉，在3月23日已公告，要减持2.8%公司股份，正等着拉升。三全食品还发公告，拟斥10亿元自有资金，进行证券投资;饺子卖这么好，为啥不扩大生产，要拿钱去...,https://www.iwencai.com/unifiedwap/inforesult?w=%E4%B8%89%E5%85%A8%E9%A3%9F%E5%93%81&querytype=news&search1=&search2=&search3=2020-04-01~2020-04-30&search4=&search5=&page=1,iWenCai,Unknown time,董秘电话连续三日无人接听 在一季度业绩预告披露后，前述投资者表示：“晚间这个业绩，大家都想着三全食品涨停，带动食品消费股走强;但大股东螳螂捕蝉，在3月23日已公告，要减持2.8%公司股份，正等着拉升。三全食品还发公告，拟斥10亿元自有资金，进行证券投资;饺子卖这么好，为啥不扩大生产，要拿钱去炒股?这,三全食品,1,2025-12-13 18:18:55,2020-04-01 to 2020-04-30
三全食品一季度净利预增超5倍 10亿证券投资引深交所问询,https://www.iwencai.com/unifiedwap/inforesult?w=%E4%B8%89%E5%85%A8%E9%A3%9F%E5%93%81&querytype=news&search1=&search2=&search3=2020-04-01~2020-04-30&search4=&search5=&page=1,iWenCai,Unknown time,三全食品一季度净利预增超5倍 10亿证券投资引深交所问询,三全食品,1,2025-12-13 18:18:55,2020-04-01 to 2020-04-30
三全食品2019年三季报，公司货币资金期末余额为5.09亿元。 对于上述业绩的增长原因，以及闲置资金使用合理性等问题引发深交所关注。 4月9日，深交所...,https://www.iwencai.com/unifiedwap/inforesult?w=%E4%B8%89%E5%85%A8%E9%A3%9F%E5%93%81&querytype=news&search1=&search2=&search3=2020-04-01~2020-04-30&search4=&search5=&page=1,iWenCai,Unknown time,"另外，公司非经常性损益对净利润的影响金额预计为10,200.55万元，其中主要为郑州全生农牧科技有限公司股权转让的相关收益。 同日，公司发布关于使用闲置自有资金进行证券投资的公告，根据公司的发展战略，在不影响正常经营、有效控制投资风险的前提下，公司及控股子公司拟使用不超过（含）人民币10亿元的闲置自",三全食品,1,2025-12-13 18:18:55,2020-04-01 to 2020-04-30
三全食品一季度预盈2.5亿超去年全年,https://www.iwencai.com/unifiedwap/inforesult?w=%E4%B8%89%E5%85%A8%E9%A3%9F%E5%93%81&querytype=news&search1=&search2=&search3=2020-04-01~2020-04-30&search4=&search5=&page=1,iWenCai,Unknown time,“宅经济”催化速冻食品行业 三全食品一季度预盈2.5亿超去年全年,三全食品,1,2025-12-13 18:18:55,2020-04-01 to 2020-04-30
三全食品（002216.SZ）今年一季度净利润增速达到上市以来同期之最。 4月7日晚间，三全食品发布一季度业绩预告。2020年第一季度，公司净利润预计实现2.49亿元-2.61亿元，同比增长520.0...,https://www.iwencai.com/unifiedwap/inforesult?w=%E4%B8%89%E5%85%A8%E9%A3%9F%E5%93%81&querytype=news&search1=&search2=&search3=2020-04-01~2020-04-30&search4=&search5=&page=1,iWenCai,Unknown time,在“宅经济”催化下，速冻食品行业龙头三全食品（002216.SZ）今年一季度净利润增速达到上市以来同期之最。 4月7日晚间，三全食品发布一季度业绩预告。2020年第一季度，公司净利润预计实现2.49亿元-2.61亿元，同比增长520.00%-550.00%，其中，预计处置孙公司带来的非经常性损益约为,三全食品,1,2025-12-13 18:18:55,2020-04-01 to 2020-04-30
三全食品一季度净利润预增逾5倍,https://www.iwencai.com/unifiedwap/inforesult?w=%E4%B8%89%E5%85%A8%E9%A3%9F%E5%93%81&querytype=news&search1=&search2=&search3=2020-04-01~2020-04-30&search4=&search5=&page=1,iWenCai,Unknown time,疫情期间速冻产品供不应求 三全食品一季度净利润预增逾5倍,三全食品,1,2025-12-13 18:18:55,2020-04-01 to 2020-04-30
三全食品一季度净利润预增逾5倍时间：2020-04-08 15:22 来源：中新经纬 作者： 闫淑鑫 原文:核心提示：4月7日晚，三全食品发布2020年第一季度业绩预告。数据显示，今年1-3月，三全食...,https://www.iwencai.com/unifiedwap/inforesult?w=%E4%B8%89%E5%85%A8%E9%A3%9F%E5%93%81&querytype=news&search1=&search2=&search3=2020-04-01~2020-04-30&search4=&search5=&page=1,中新经纬,2020-04-08,疫情期间速冻产品供不应求 三全食品一季度净利润预增逾5倍时间：2020-04-08 15:22 来源：中新经纬 作者： 闫淑鑫 原文:核心提示：4月7日晚，三全食品发布2020年第一季度业绩预告。数据显示，今年1-3月，三全食品归属于上市公司股东的净利润（以下简称“净利润”）预计达2.49亿元-2.,三全食品,1,2025-12-13 18:18:55,2020-04-01 to 2020-04-30
三全食品一季度净利润同比涨幅超5倍,https://www.iwencai.com/unifiedwap/inforesult?w=%E4%B8%89%E5%85%A8%E9%A3%9F%E5%93%81&querytype=news&search1=&search2=&search3=2020-04-01~2020-04-30&search4=&search5=&page=1,iWenCai,Unknown time,上海环境获长江环保集团举牌 三全食品一季度净利润同比涨幅超5倍,三全食品,1,2025-12-13 18:18:55,2020-04-01 to 2020-04-30
三全食品一季度净利润同比涨幅超5倍上海环境获长江环保集团举牌 三全食品一季度净利润同比涨幅超5倍 今日聚焦 【上海环境：获长江环保集团举牌】上海环境公告，3月13日至3月31日，长江环保集团通过集中竞...,https://www.iwencai.com/unifiedwap/inforesult?w=%E4%B8%89%E5%85%A8%E9%A3%9F%E5%93%81&querytype=news&search1=&search2=&search3=2020-04-01~2020-04-30&search4=&search5=&page=1,iWenCai,Unknown time,原标题：上海环境获长江环保集团举牌 三全食品一季度净利润同比涨幅超5倍上海环境获长江环保集团举牌 三全食品一季度净利润同比涨幅超5倍 今日聚焦 【上海环境：获长江环保集团举牌】上海环境公告，3月13日至3月31日，长江环保集团通过集中竞价的交易方式买入2738万股，占公司总股本的2.9972%。4月,三全食品,1,2025-12-13 18:18:55,2020-04-01 to 2020-04-30
三全食品布局鱼禽速冻市场，拓宽预制食品市场,https://www.iwencai.com/unifiedwap/inforesult?w=%E4%B8%89%E5%85%A8%E9%A3%9F%E5%93%81&querytype=news&search1=&search2=&search3=2020-05-01~2020-05-31&search4=&search5=&page=1,iWenCai,Unknown time,三全食品布局鱼禽速冻市场，拓宽预制食品市场,三全食品,1,2025-12-13 18:19:04,2020-05-01 to 2020-05-31
三全食品在接受多家机构调研时表示，公司与7-Eleven合作，有利于鲜食供应链业务的品类结构调整和合作渠道扩容，公司将依托在各城市群提前布局的综合生产基地，实现大城市群鲜食供应链的全覆盖。 2019年...,https://www.iwencai.com/unifiedwap/inforesult?w=%E4%B8%89%E5%85%A8%E9%A3%9F%E5%93%81&querytype=news&search1=&search2=&search3=2020-05-01~2020-05-31&search4=&search5=&page=1,iWenCai,2020年1月3日,2020年1月3日，三全食品在接受多家机构调研时表示，公司与7-Eleven合作，有利于鲜食供应链业务的品类结构调整和合作渠道扩容，公司将依托在各城市群提前布局的综合生产基地，实现大城市群鲜食供应链的全覆盖。 2019年12月18日，三全食品全资子公司河南叁伊便利店连锁有限公司与柒一拾壹（中国）投资,三全食品,1,2025-12-13 18:19:04,2020-05-01 to 2020-05-31
三全食品渠道品牌全面发力，天马食品高端布局再下一城,https://www.iwencai.com/unifiedwap/inforesult?w=%E4%B8%89%E5%85%A8%E9%A3%9F%E5%93%81&querytype=news&search1=&search2=&search3=2020-05-01~2020-05-31&search4=&search5=&page=1,iWenCai,Unknown time,联合三全食品渠道品牌全面发力，天马食品高端布局再下一城,三全食品,1,2025-12-13 18:19:04,2020-05-01 to 2020-05-31
"三全食品渠道品牌全面发力，天马食品高端布局再下一城 来源：北国网 近日,天马科技(603668)旗下全资子公司福建天马食品有限公司(以下简称“天马食品”)与三全食品股份有限公司(以下简称“三全食品”)...",https://www.iwencai.com/unifiedwap/inforesult?w=%E4%B8%89%E5%85%A8%E9%A3%9F%E5%93%81&querytype=news&search1=&search2=&search3=2020-05-01~2020-05-31&search4=&search5=&page=1,北国网,Unknown time,"原标题：联合三全食品渠道品牌全面发力，天马食品高端布局再下一城 来源：北国网 近日,天马科技(603668)旗下全资子公司福建天马食品有限公司(以下简称“天马食品”)与三全食品股份有限公司(以下简称“三全食品”)达成合作,双方将在原料供应等方面进行深度的业务合作。这是天马食品继与国内团餐品牌健力源签",三全食品,1,2025-12-13 18:19:04,2020-05-01 to 2020-05-31
三全食品股份有限公司2019年年度权益分派实施公告,https://www.iwencai.com/unifiedwap/inforesult?w=%E4%B8%89%E5%85%A8%E9%A3%9F%E5%93%81&querytype=news&search1=&search2=&search3=2020-05-01~2020-05-31&search4=&search5=&page=1,iWenCai,Unknown time,三全食品股份有限公司2019年年度权益分派实施公告,三全食品,1,2025-12-13 18:19:04,2020-05-01 to 2020-05-31
三全食品股份有限公司2019年年度权益分派实施公告 本公司及董事会全体成员保证信息披露的内容真实、准确、完整，没有虚假记载、误导性陈述或重大遗漏。 三全食品股份有限公司，2019年年度权益分派方案已获...,https://www.iwencai.com/unifiedwap/inforesult?w=%E4%B8%89%E5%85%A8%E9%A3%9F%E5%93%81&querytype=news&search1=&search2=&search3=2020-05-01~2020-05-31&search4=&search5=&page=1,iWenCai,2020年5月19日,原标题：三全食品股份有限公司2019年年度权益分派实施公告 本公司及董事会全体成员保证信息披露的内容真实、准确、完整，没有虚假记载、误导性陈述或重大遗漏。 三全食品股份有限公司，2019年年度权益分派方案已获2020年5月19日召开的2019年年度股东大会审议通过，现将权益分派事宜公告如下： 一、权,三全食品,1,2025-12-13 18:19:04,2020-05-01 to 2020-05-31
三全食品董事长陈南解读业绩逆势上扬：疫情并非一季度增长主因,https://www.iwencai.com/unifiedwap/inforesult?w=%E4%B8%89%E5%85%A8%E9%A3%9F%E5%93%81&querytype=news&search1=&search2=&search3=2020-05-01~2020-05-31&search4=&search5=&page=1,iWenCai,Unknown time,三全食品董事长陈南解读业绩逆势上扬：疫情并非一季度增长主因,三全食品,1,2025-12-13 18:19:04,2020-05-01 to 2020-05-31
三全食品的跨界举措也受到了业界的关注。去年年底，全球便利店巨头品牌7-11与三全食品全资子公司签订协议，三全食品方面正式获得了7-11便利店业务在河南省的独家特...,https://www.iwencai.com/unifiedwap/inforesult?w=%E4%B8%89%E5%85%A8%E9%A3%9F%E5%93%81&querytype=news&search1=&search2=&search3=2020-05-01~2020-05-31&search4=&search5=&page=1,iWenCai,Unknown time,“从长期看，我国有世界最大的14亿人口大市场，中等收入群体仍在稳步扩大，大量消费升级的新需求将会出现，同时，城乡区域发展不平衡蕴藏着成长性的发展空间，中国经济的发展韧性、潜力仍然巨大。从较长的时间维度看，我国居民消费以消费升级为主，呈长期上升趋势。为了应对这种消费的变化，需要企业不断地进行创新。” ,三全食品,1,2025-12-13 18:19:04,2020-05-01 to 2020-05-31
三全食品智能制造加速器,https://www.iwencai.com/unifiedwap/inforesult?w=%E4%B8%89%E5%85%A8%E9%A3%9F%E5%93%81&querytype=news&search1=&search2=&search3=2020-05-01~2020-05-31&search4=&search5=&page=1,iWenCai,Unknown time,食品包装自动化 大学仕变身三全食品智能制造加速器,三全食品,1,2025-12-13 18:19:04,2020-05-01 to 2020-05-31
三全食品股份有限公司(以下简称三全食品)就是其中代表之一。 三全食品作为中国速冻食品行业的开创者和领导者，全国最大的速冻食品生产企业，20年来始终站在中国速冻食品美味、健康领域的前沿，全力传承发扬传统...,https://www.iwencai.com/unifiedwap/inforesult?w=%E4%B8%89%E5%85%A8%E9%A3%9F%E5%93%81&querytype=news&search1=&search2=&search3=2020-05-01~2020-05-31&search4=&search5=&page=1,iWenCai,Unknown time,【天极网IT新闻频道】中国的饮食文化源远流长，几千年来，中华美食已经誉满天下。而随着时代的发展，中国食品企业的生产方式也越来越现代化，郑州三全食品股份有限公司(以下简称三全食品)就是其中代表之一。 三全食品作为中国速冻食品行业的开创者和领导者，全国最大的速冻食品生产企业，20年来始终站在中国速冻食品,三全食品,1,2025-12-13 18:19:04,2020-05-01 to 2020-05-31
三全食品2020年一季报显示，实现营业收入22.17亿元，同比增长16.14%；净利润2.58亿元，同比大增541.13%，这比三全2019年一整年2.2亿元的净利润还要高。 来自电商大数据服务机构E...,https://www.iwencai.com/unifiedwap/inforesult?w=%E4%B8%89%E5%85%A8%E9%A3%9F%E5%93%81&querytype=news&search1=&search2=&search3=2020-05-01~2020-05-31&search4=&search5=&page=1,iWenCai,Unknown time,公开数据显示，国内方便速冻食品市场在2017年超过1200亿元，目前这一市场已达到2500亿级别。 而今年居家防疫带来的消费模式改变，也使得使速冻食品市场需求激增。三全食品2020年一季报显示，实现营业收入22.17亿元，同比增长16.14%；净利润2.58亿元，同比大增541.13%，这比三全20,三全食品,1,2025-12-13 18:19:04,2020-05-01 to 2020-05-31
三全食品扩大速食版图 涉足鱼禽类产品.......,https://www.iwencai.com/unifiedwap/inforesult?w=%E4%B8%89%E5%85%A8%E9%A3%9F%E5%93%81&querytype=news&search1=&search2=&search3=2020-05-01~2020-05-31&search4=&search5=&page=1,iWenCai,Unknown time,三全食品扩大速食版图 涉足鱼禽类产品.......,三全食品,1,2025-12-13 18:19:04,2020-05-01 to 2020-05-31
三全食品、思念食品等多家和“吃”有关的龙头企业。可以说，河南的公司几乎承包了全国人民的饭桌。 在这些企业中，三全创始人陈泽民的人生充满了传奇色彩，他的创业史更是让人惊叹！ 他幼年辗转流离，少年“家道中...,https://www.iwencai.com/unifiedwap/inforesult?w=%E4%B8%89%E5%85%A8%E9%A3%9F%E5%93%81&querytype=news&search1=&search2=&search3=2020-05-01~2020-05-31&search4=&search5=&page=1,iWenCai,2018年10月26日,另外，河南还诞生了牧原股份、双汇发展、三全食品、思念食品等多家和“吃”有关的龙头企业。可以说，河南的公司几乎承包了全国人民的饭桌。 在这些企业中，三全创始人陈泽民的人生充满了传奇色彩，他的创业史更是让人惊叹！ 他幼年辗转流离，少年“家道中落”，剃过头、打过工，好不容易...自2018年10月26日开,三全食品,1,2025-12-13 18:19:04,2020-05-01 to 2020-05-31
三全食品、安井食品股价均表现强势。海欣食品从2月初低点至今上涨近...,https://www.iwencai.com/unifiedwap/inforesult?w=%E4%B8%89%E5%85%A8%E9%A3%9F%E5%93%81&querytype=news&search1=&search2=&search3=2020-05-01~2020-05-31&search4=&search5=&page=1,iWenCai,Unknown time,制定了年度可行性规划，预算目标有信心不低于行业增速水平。 行业增长较快 速冻食品行业将维持较快增长。野村东方国际指出，全球2017年速冻食品市场规模1601亿美元，5年复合年增长率为4.3%。中国2018年速冻食品市场规模1143亿人民币，过去5年复合年增长率为12%，明显高于全球。 截至2019年,三全食品,1,2025-12-13 18:19:04,2020-05-01 to 2020-05-31
三全食品。目前处在低位的，尚未有大幅上涨的有来伊份、煌上煌、金字火腿。这些个股...,https://www.iwencai.com/unifiedwap/inforesult?w=%E4%B8%89%E5%85%A8%E9%A3%9F%E5%93%81&querytype=news&search1=&search2=&search3=2020-05-01~2020-05-31&search4=&search5=&page=1,iWenCai,Unknown time,“预言家”；第三，特殊时期的避险板块。 了解了消费上涨背后的逻辑，我们来看看最近一个月机构都调研了哪些消费个股。 最近一个月，食品领域接待机构来访量达到百家以上的有7家，是各行业中接待机构调研量达百家最多的行业，可见机构对该领域兴趣之浓厚！ 下面我们来综合对比一下上述机构密集调研食品股的业绩增长与估,三全食品,1,2025-12-13 18:19:04,2020-05-01 to 2020-05-31
三全食品、思念食品、安井食品、通用磨坊...,https://www.iwencai.com/unifiedwap/inforesult?w=%E4%B8%89%E5%85%A8%E9%A3%9F%E5%93%81&querytype=news&search1=&search2=&search3=2020-05-01~2020-05-31&search4=&search5=&page=1,iWenCai,Unknown time,中国网5月12日讯（记者 孟超） 新冠肺炎疫情的发生影响到社会经济发展与我们的生活，食品行业也不例外。速冻食品行业作为民生保障的重要物资，在疫情中面临了哪些问题？后疫情时代会有很多的变化，企业如何应对这些变化？近日中国食品科学技术学会冷冻与冷藏食品分会组织了线上会议，诸多科技界、产业界的领军人物参与,三全食品,1,2025-12-13 18:19:04,2020-05-01 to 2020-05-31
三全食品：我的最爱，吃他家的产品最多。业绩也是环比加速最猛的，一改好多年的熊市格局！...,https://www.iwencai.com/unifiedwap/inforesult?w=%E4%B8%89%E5%85%A8%E9%A3%9F%E5%93%81&querytype=news&search1=&search2=&search3=2020-05-01~2020-05-31&search4=&search5=&page=1,iWenCai,Unknown time,超过了过往的估值，堪称价值投资中不错的一家企业。 伊利股份：俺就不谈了，在俺的黑名单中。所以今日奶业股疯狂，看不懂，也不羡慕。 安琪酵母：据说销售不错，重新回到历史新高。他曾经是外资喜欢的食品股，但是短期季度环比下滑的时候，也被机构卖的很惨。所以啥企业都不能太追高！ 涪陵榨菜：也是如此，业绩下滑，股,三全食品,1,2025-12-13 18:19:04,2020-05-01 to 2020-05-31
"三全食品,中宠股份,佩蒂股份等可重点关注。 基于上述分析,我们重点推荐龙大肉食,克明面业,盐津铺子,贵州茅台。现阶段,鉴于肺炎疫情对食品饮料众多...",https://www.iwencai.com/unifiedwap/inforesult?w=%E4%B8%89%E5%85%A8%E9%A3%9F%E5%93%81&querytype=news&search1=&search2=&search3=2020-05-01~2020-05-31&search4=&search5=&page=1,iWenCai,Unknown time,"我们认为,业绩持续增长较好而估值较低的部分大众食品标的,仍然值得坚定持有,具体可重点关注克明面业,盐津铺子等。 目前猪价仍处高位,但预判随着生猪存栏增加,后期猪价有望慢慢回落,生猪养殖后周期的屠宰、肉制品,以及以猪肉为主要原料的速冻食品、宠物食品有望受益成本降低,投资者可以重点关注。相关标的,如双汇",三全食品,1,2025-12-13 18:19:04,2020-05-01 to 2020-05-31
三全食品：速冻米面行业龙头，机制改革构建增长新动能,https://www.iwencai.com/unifiedwap/inforesult?w=%E4%B8%89%E5%85%A8%E9%A3%9F%E5%93%81&querytype=news&search1=&search2=&search3=2020-06-01~2020-06-30&search4=&search5=&page=1,iWenCai,Unknown time,【新时代食品饮料团队】三全食品：速冻米面行业龙头，机制改革构建增长新动能,三全食品,1,2025-12-13 18:19:12,2020-06-01 to 2020-06-30
三全食品：速冻米面行业龙头，机制改革构建增长新动能 内部改革成效显著，首次覆盖给予“推荐”评级公司。作为速冻米面制品龙头，在知名度、产能储备和渠道覆盖方面积累了深厚的护城河。2019年开始内部机制调整...,https://www.iwencai.com/unifiedwap/inforesult?w=%E4%B8%89%E5%85%A8%E9%A3%9F%E5%93%81&querytype=news&search1=&search2=&search3=2020-06-01~2020-06-30&search4=&search5=&page=1,新时代证券研究,Unknown time,来源：新时代证券研究 【食品饮料】 三全食品：速冻米面行业龙头，机制改革构建增长新动能 内部改革成效显著，首次覆盖给予“推荐”评级公司。作为速冻米面制品龙头，在知名度、产能储备和渠道覆盖方面积累了深厚的护城河。2019年开始内部机制调整，改目标任务导向为损益结果导向，内部活力明显释放。未来公司将在业,三全食品,1,2025-12-13 18:19:12,2020-06-01 to 2020-06-30
三全食品,https://www.iwencai.com/unifiedwap/inforesult?w=%E4%B8%89%E5%85%A8%E9%A3%9F%E5%93%81&querytype=news&search1=&search2=&search3=2020-06-01~2020-06-30&search4=&search5=&page=1,iWenCai,2020/06/19,【早安新时代】2020/06/19：今日关注生益科技、三全食品,三全食品,1,2025-12-13 18:19:12,2020-06-01 to 2020-06-30
三全食品：速冻米面行业龙头，机制改革构建增长新动能 作为速冻米面制品龙头，在知名度、产能储备和渠道覆盖方面积累了深厚的护城河。2019年开始内部机制调整，改目标任务导向为损益结果导向，内部活力明显释放...,https://www.iwencai.com/unifiedwap/inforesult?w=%E4%B8%89%E5%85%A8%E9%A3%9F%E5%93%81&querytype=news&search1=&search2=&search3=2020-06-01~2020-06-30&search4=&search5=&page=1,iWenCai,Unknown time,维持“强烈推荐”评级。 新时代电子团队 【食品饮料】 三全食品：速冻米面行业龙头，机制改革构建增长新动能 作为速冻米面制品龙头，在知名度、产能储备和渠道覆盖方面积累了深厚的护城河。2019年开始内部机制调整，改目标任务导向为损益结果导向，内部活力明显释放。速冻食品规模破千亿，餐饮食材标准化打开行业增,三全食品,1,2025-12-13 18:19:12,2020-06-01 to 2020-06-30
三全食品,https://www.iwencai.com/unifiedwap/inforesult?w=%E4%B8%89%E5%85%A8%E9%A3%9F%E5%93%81&querytype=news&search1=&search2=&search3=2020-06-01~2020-06-30&search4=&search5=&page=1,iWenCai,Unknown time,新时代研究所6.19晨报 | 关注生益科技、三全食品,三全食品,1,2025-12-13 18:19:12,2020-06-01 to 2020-06-30
三全食品股份有限公司关于使用闲置自有资金进行投资理财的进展公告,https://www.iwencai.com/unifiedwap/inforesult?w=%E4%B8%89%E5%85%A8%E9%A3%9F%E5%93%81&querytype=news&search1=&search2=&search3=2020-06-01~2020-06-30&search4=&search5=&page=1,iWenCai,Unknown time,三全食品股份有限公司关于使用闲置自有资金进行投资理财的进展公告,三全食品,1,2025-12-13 18:19:12,2020-06-01 to 2020-06-30
三全食品股份有限公司关于使用闲置自有资金进行投资理财的进展公告 本公司及董事会全体成员保证信息披露内容的真实、准确和完整，没有虚假记载、误导性陈述或重大遗漏。 三全食品股份有限公司（以下简称“公司”、...,https://www.iwencai.com/unifiedwap/inforesult?w=%E4%B8%89%E5%85%A8%E9%A3%9F%E5%93%81&querytype=news&search1=&search2=&search3=2020-06-01~2020-06-30&search4=&search5=&page=1,iWenCai,2020年4月7日,原标题：三全食品股份有限公司关于使用闲置自有资金进行投资理财的进展公告 本公司及董事会全体成员保证信息披露内容的真实、准确和完整，没有虚假记载、误导性陈述或重大遗漏。 三全食品股份有限公司（以下简称“公司”、“三全食品”）于2020年4月7日召开第七届董事会第八次会议，审议并通过了《关于使用闲置自有,三全食品,1,2025-12-13 18:19:12,2020-06-01 to 2020-06-30
三全食品的合作模式，是双方合作开发新款...,https://www.iwencai.com/unifiedwap/inforesult?w=%E4%B8%89%E5%85%A8%E9%A3%9F%E5%93%81&querytype=news&search1=&search2=&search3=2020-06-01~2020-06-30&search4=&search5=&page=1,iWenCai,Unknown time,投资者提问：董秘您好！请介绍下公司与三全食品的合作模式，是双方合作开发新款...,三全食品,1,2025-12-13 18:19:12,2020-06-01 to 2020-06-30
三全食品的合作模式，是双方合作开发新款产品？还是只是给三全食品供应虾仁和小龙虾？ 董秘回答(国联水产SZ300094)： 您好。主要是供应虾仁和小龙虾产品，谢谢您的关注与支持。 免责声明：本信息由新浪...,https://www.iwencai.com/unifiedwap/inforesult?w=%E4%B8%89%E5%85%A8%E9%A3%9F%E5%93%81&querytype=news&search1=&search2=&search3=2020-06-01~2020-06-30&search4=&search5=&page=1,iWenCai,Unknown time,投资者提问： 董秘您好！请介绍下公司与三全食品的合作模式，是双方合作开发新款产品？还是只是给三全食品供应虾仁和小龙虾？ 董秘回答(国联水产SZ300094)： 您好。主要是供应虾仁和小龙虾产品，谢谢您的关注与支持。 免责声明：本信息由新浪财经从公开信息中摘录，不构成任何投资建议；新浪财经不保证数据的,三全食品,1,2025-12-13 18:19:12,2020-06-01 to 2020-06-30
三全食品现1笔大宗交易 共成交209.10万元,https://www.iwencai.com/unifiedwap/inforesult?w=%E4%B8%89%E5%85%A8%E9%A3%9F%E5%93%81&querytype=news&search1=&search2=&search3=2020-06-01~2020-06-30&search4=&search5=&page=1,iWenCai,Unknown time,三全食品现1笔大宗交易 共成交209.10万元,三全食品,1,2025-12-13 18:19:12,2020-06-01 to 2020-06-30
三全食品在6月4日，发生1笔大宗交易。 第1笔成交价格为20.91元，成交10.00万股，成交金额209.10万元，买方营业部为国金证券股份有限公司上海互联网证券分公司，卖方营业部为国信证券股份有限公...,https://www.iwencai.com/unifiedwap/inforesult?w=%E4%B8%89%E5%85%A8%E9%A3%9F%E5%93%81&querytype=news&search1=&search2=&search3=2020-06-01~2020-06-30&search4=&search5=&page=1,iWenCai,Unknown time,新浪财经讯 三全食品在6月4日，发生1笔大宗交易。 第1笔成交价格为20.91元，成交10.00万股，成交金额209.10万元，买方营业部为国金证券股份有限公司上海互联网证券分公司，卖方营业部为国信证券股份有限公司深圳泰然九路证券营业部...,三全食品,1,2025-12-13 18:19:12,2020-06-01 to 2020-06-30
三全食品（002216.SZ）近些年的顺风顺水——以收购促进业务转型、推动业绩稳步增长，思念食品的成长路径要坎坷得多。 1997年，郑州大学新闻系毕业的李伟，创立思念食品，通过轰动性广告站稳脚跟，苦追...,https://www.iwencai.com/unifiedwap/inforesult?w=%E4%B8%89%E5%85%A8%E9%A3%9F%E5%93%81&querytype=news&search1=&search2=&search3=2020-06-01~2020-06-30&search4=&search5=&page=1,iWenCai,Unknown time,斑马消费 沈庹 河南自古以来就是食品重镇，在速冻水饺这个细分赛道，思念和三全的同城德比，在中原大地上演了一场又一场商业传奇。 相较于三全食品（002216.SZ）近些年的顺风顺水——以收购促进业务转型、推动业绩稳步增长，思念食品的成长路径要坎坷得多。 1997年，郑州大学新闻系毕业的李伟，创立思念食,三全食品,1,2025-12-13 18:19:12,2020-06-01 to 2020-06-30
三全食品、海欣食品和惠发食品，安井食品2016至2019年的营业总收入复合年增长率明显更高。公司期间的净利润复合年增长率虽然小于三全食品，但仍然显著高于海欣食品和惠发食品。 图3：2016至2019年...,https://www.iwencai.com/unifiedwap/inforesult?w=%E4%B8%89%E5%85%A8%E9%A3%9F%E5%93%81&querytype=news&search1=&search2=&search3=2020-06-01~2020-06-30&search4=&search5=&page=1,iWenCai,Unknown time,图2：2016-2019年安井食品营收、归母净利润及增速 相比于同行业公司三全食品、海欣食品和惠发食品，安井食品2016至2019年的营业总收入复合年增长率明显更高。公司期间的净利润复合年增长率虽然小于三全食品，但仍然显著高于海欣食品和惠发食品。 图3：2016至2019年四家速冻食品公司营业总收入,三全食品,1,2025-12-13 18:19:12,2020-06-01 to 2020-06-30
三全食品、思念食品等粽子食品生产加工企业的监管力度，严格检查各项食品安全制度的落实情况，重点检查食品及原辅料溯源情况、生产过程控制情况等。同时，随机抽查考核车间工作人...,https://www.iwencai.com/unifiedwap/inforesult?w=%E4%B8%89%E5%85%A8%E9%A3%9F%E5%93%81&querytype=news&search1=&search2=&search3=2020-06-01~2020-06-30&search4=&search5=&page=1,iWenCai,Unknown time,端午节临近，为保障广大群众饮食安全，确保有效控制和防范食品安全风险隐患，自6月上旬以来，郑州市惠济区市场监管局积极采取措施强化端午节期间食品安全监管，对全区粽子等节日期间消费量较大的食品生产经营单位以及现场制作粽子的餐饮单位进行全面排查整治，确保辖区群众度过一个健康、安全的端午节。 在生产环节，该局,三全食品,1,2025-12-13 18:19:12,2020-06-01 to 2020-06-30
"三全食品(002216.SZ);核心单品仍处放量期的洽洽食品(002557.SZ);疫情期间复工迅速,疫情期间仍凭借强配送力实现开门红的短保面包龙头桃李面包(603866.SH);疫情加速提价红利释放...",https://www.iwencai.com/unifiedwap/inforesult?w=%E4%B8%89%E5%85%A8%E9%A3%9F%E5%93%81&querytype=news&search1=&search2=&search3=2020-06-01~2020-06-30&search4=&search5=&page=1,iWenCai,Unknown time,"大众品:关注受益标的可持续性以及龙头改善情况。一方面建议关注疫情受益标的的业绩延续性:餐饮占比长期提升,净利率改善的三全食品(002216.SZ);核心单品仍处放量期的洽洽食品(002557.SZ);疫情期间复工迅速,疫情期间仍凭借强配送力实现开门红的短保面包龙头桃李面包(603866.SH);疫情",三全食品,1,2025-12-13 18:19:12,2020-06-01 to 2020-06-30
三全食品、涪陵榨菜、洽洽食品、三只松鼠等热门消费股也都表现亮眼。 从涨幅来看，从2月2日至6月2日（疫情开市期间），食品饮料行业平均涨幅在31%，位列所有31个申万一级行业之首。 而从估值来看，根据....,https://www.iwencai.com/unifiedwap/inforesult?w=%E4%B8%89%E5%85%A8%E9%A3%9F%E5%93%81&querytype=news&search1=&search2=&search3=2020-06-01~2020-06-30&search4=&search5=&page=1,iWenCai,Unknown time,而随着“地摊经济”的回归，A股消费行业的正规军，是否能够顶的起那么高的市值？ 食品饮料股异军突起，估值处于历史高位 一季度报显示，食品饮料成为极少数营收、利润双增长的行业。 5月以来，食品饮料板块已有20多只个股创新高。其中以贵州茅台最为耀眼，市值超1.7万亿。除了茅台，海天味业、三全食品、涪陵榨菜,三全食品,1,2025-12-13 18:19:12,2020-06-01 to 2020-06-30
三全食品为何遭实控人减持？,https://www.iwencai.com/unifiedwap/inforesult?w=%E4%B8%89%E5%85%A8%E9%A3%9F%E5%93%81&querytype=news&search1=&search2=&search3=2020-07-01~2020-07-31&search4=&search5=&page=1,iWenCai,Unknown time,财说| 股价新高业绩暴增，三全食品为何遭实控人减持？,三全食品,1,2025-12-13 18:19:21,2020-07-01 to 2020-07-31
三全食品目前正重点发力的面点品类却有可能拉低未来的毛利率。 原因之一在于面点品类的毛利率是大三品类中最低的。2019年面点品类的毛利率为29.07%，低于三全食品的综合毛利率35.17%。随着面点品类...,https://www.iwencai.com/unifiedwap/inforesult?w=%E4%B8%89%E5%85%A8%E9%A3%9F%E5%93%81&querytype=news&search1=&search2=&search3=2020-07-01~2020-07-31&search4=&search5=&page=1,iWenCai,Unknown time,饺子品类实现营业收入18.8亿元，同比下降3.89%。汤圆品类实现营业收入17.89亿元，同比增长12.72%。 但是，三全食品目前正重点发力的面点品类却有可能拉低未来的毛利率。 原因之一在于面点品类的毛利率是大三品类中最低的。2019年面点品类的毛利率为29.07%，低于三全食品的综合毛利率35.,三全食品,1,2025-12-13 18:19:21,2020-07-01 to 2020-07-31
三全食品股份有限公司关于大股东及其一致行动人累计减持公司股份达到1%的公告,https://www.iwencai.com/unifiedwap/inforesult?w=%E4%B8%89%E5%85%A8%E9%A3%9F%E5%93%81&querytype=news&search1=&search2=&search3=2020-07-01~2020-07-31&search4=&search5=&page=1,iWenCai,Unknown time,三全食品股份有限公司关于大股东及其一致行动人累计减持公司股份达到1%的公告,三全食品,1,2025-12-13 18:19:21,2020-07-01 to 2020-07-31
三全食品股份有限公司 董事会 2020年7月18日 证券代码：002216 证券简称：三全食品 公告编号：2020-036 三全食品股份有限公司 关于股东部分股份提前解除质押 的公告 本公司及董事会全...,https://www.iwencai.com/unifiedwap/inforesult?w=%E4%B8%89%E5%85%A8%E9%A3%9F%E5%93%81&querytype=news&search1=&search2=&search3=2020-07-01~2020-07-31&search4=&search5=&page=1,iWenCai,2020年7月18日,4、公司将继续关注上述事项的进展情况，并及时履行信息披露义务，敬请广大投资者注意投资风险。 四、备查文件 1、《股份减持告知函》。 特此公告。 三全食品股份有限公司 董事会 2020年7月18日 证券代码：002216 证券简称：三全食品 公告编号：2020-036 三全食品股份有限公司 关于股东部,三全食品,1,2025-12-13 18:19:21,2020-07-01 to 2020-07-31
三全食品的神话，还能继续多久？,https://www.iwencai.com/unifiedwap/inforesult?w=%E4%B8%89%E5%85%A8%E9%A3%9F%E5%93%81&querytype=news&search1=&search2=&search3=2020-07-01~2020-07-31&search4=&search5=&page=1,iWenCai,Unknown time,业绩暴增4倍，股价大涨2倍：三全食品的神话，还能继续多久？,三全食品,1,2025-12-13 18:19:21,2020-07-01 to 2020-07-31
三全食品的神话，还能继续多久？ 来源：锐眼看财经 文章来源：财经锐眼 俗话说，民以食为天，国人对食物的热爱，也传导至资本市场，主攻食品业务的上市公司不在少数。 近年来，随着生活节奏日益加快，速冻食品也...,https://www.iwencai.com/unifiedwap/inforesult?w=%E4%B8%89%E5%85%A8%E9%A3%9F%E5%93%81&querytype=news&search1=&search2=&search3=2020-07-01~2020-07-31&search4=&search5=&page=1,锐眼看财经,Unknown time,原标题：业绩暴增4倍，股价大涨2倍：三全食品的神话，还能继续多久？ 来源：锐眼看财经 文章来源：财经锐眼 俗话说，民以食为天，国人对食物的热爱，也传导至资本市场，主攻食品业务的上市公司不在少数。 近年来，随着生活节奏日益加快，速冻食品也成了国人餐桌上的常客，投射到资本市场便出现了速冻食品龙头股，三全,三全食品,1,2025-12-13 18:19:21,2020-07-01 to 2020-07-31
三全食品：股东陈泽民解除质押约2060万股,https://www.iwencai.com/unifiedwap/inforesult?w=%E4%B8%89%E5%85%A8%E9%A3%9F%E5%93%81&querytype=news&search1=&search2=&search3=2020-07-01~2020-07-31&search4=&search5=&page=1,iWenCai,Unknown time,三全食品：股东陈泽民解除质押约2060万股,三全食品,1,2025-12-13 18:19:21,2020-07-01 to 2020-07-31
三全食品（SZ 002216，收盘价：29.45元）7月17日晚间发布公告称，公司股东陈泽民于2020年7月16日将原质押给平安证券股份有限公司的公司股份2060万股解除质押，占其所持股份比例为26....,https://www.iwencai.com/unifiedwap/inforesult?w=%E4%B8%89%E5%85%A8%E9%A3%9F%E5%93%81&querytype=news&search1=&search2=&search3=2020-07-01~2020-07-31&search4=&search5=&page=1,iWenCai,2020年7月16日,每经AI快讯，三全食品（SZ 002216，收盘价：29.45元）7月17日晚间发布公告称，公司股东陈泽民于2020年7月16日将原质押给平安证券股份有限公司的公司股份2060万股解除质押，占其所持股份比例为26.52%。截至本公告日，公司股东陈泽民累计质押股数为2100万股，占其所持股份比例为27,三全食品,1,2025-12-13 18:19:21,2020-07-01 to 2020-07-31
三全食品：大股东陈泽民及其一致行动人李冬雨共减持约799万股,https://www.iwencai.com/unifiedwap/inforesult?w=%E4%B8%89%E5%85%A8%E9%A3%9F%E5%93%81&querytype=news&search1=&search2=&search3=2020-07-01~2020-07-31&search4=&search5=&page=1,iWenCai,Unknown time,减持！三全食品：大股东陈泽民及其一致行动人李冬雨共减持约799万股,三全食品,1,2025-12-13 18:19:21,2020-07-01 to 2020-07-31
三全食品（SZ 002216，收盘价：29.45元）7月17日晚间发布公告称，公司大股东陈泽民及其一致行动人李冬雨共减持公司股份约799万股，减持股份占公司总股份为1%。 每经AI点评：三全食品上次发...,https://www.iwencai.com/unifiedwap/inforesult?w=%E4%B8%89%E5%85%A8%E9%A3%9F%E5%93%81&querytype=news&search1=&search2=&search3=2020-07-01~2020-07-31&search4=&search5=&page=1,iWenCai,2020年07月16日,每经AI快讯，三全食品（SZ 002216，收盘价：29.45元）7月17日晚间发布公告称，公司大股东陈泽民及其一致行动人李冬雨共减持公司股份约799万股，减持股份占公司总股份为1%。 每经AI点评：三全食品上次发布减持公告是2020年07月16日，第二个交易日上涨10.01%，三全食品近一年共发布,三全食品,1,2025-12-13 18:19:21,2020-07-01 to 2020-07-31
三全食品：大股东及其一致行动人减持约740万股 减持计划时间过半,https://www.iwencai.com/unifiedwap/inforesult?w=%E4%B8%89%E5%85%A8%E9%A3%9F%E5%93%81&querytype=news&search1=&search2=&search3=2020-07-01~2020-07-31&search4=&search5=&page=1,iWenCai,Unknown time,三全食品：大股东及其一致行动人减持约740万股 减持计划时间过半,三全食品,1,2025-12-13 18:19:21,2020-07-01 to 2020-07-31
三全食品（SZ 002216，收盘价：28.8元）7月15日晚间发布公告称，公司大股东陈泽民先生及其一致行动人李冬雨女士共减持公司股份约740万股，截至本公告日，上述股东减持计划时间过半。 每经AI点...,https://www.iwencai.com/unifiedwap/inforesult?w=%E4%B8%89%E5%85%A8%E9%A3%9F%E5%93%81&querytype=news&search1=&search2=&search3=2020-07-01~2020-07-31&search4=&search5=&page=1,iWenCai,2020年03月24日,每经AI快讯，三全食品（SZ 002216，收盘价：28.8元）7月15日晚间发布公告称，公司大股东陈泽民先生及其一致行动人李冬雨女士共减持公司股份约740万股，截至本公告日，上述股东减持计划时间过半。 每经AI点评：三全食品上次发布减持公告是2020年03月24日，第二个交易日上涨4.47%，三全,三全食品,1,2025-12-13 18:19:21,2020-07-01 to 2020-07-31
"三全食品子公司拖欠200多万货款,副总裁王凯旭怎么看?",https://www.iwencai.com/unifiedwap/inforesult?w=%E4%B8%89%E5%85%A8%E9%A3%9F%E5%93%81&querytype=news&search1=&search2=&search3=2020-07-01~2020-07-31&search4=&search5=&page=1,iWenCai,Unknown time,"独家：三全食品子公司拖欠200多万货款,副总裁王凯旭怎么看?",三全食品,1,2025-12-13 18:19:21,2020-07-01 to 2020-07-31
三全食品净利大增的另一个秘密,https://www.iwencai.com/unifiedwap/inforesult?w=%E4%B8%89%E5%85%A8%E9%A3%9F%E5%93%81&querytype=news&search1=&search2=&search3=2020-07-01~2020-07-31&search4=&search5=&page=1,iWenCai,Unknown time,一年股价翻两倍 三全食品净利大增的另一个秘密,三全食品,1,2025-12-13 18:19:21,2020-07-01 to 2020-07-31
三全食品暗藏这些猫腻 记者 |袁颖琪 编辑 |陈菲遐1 三全食品（002261.SZ）业绩大增成为了股价上涨催化剂。 在半年报业绩预告发出后的一个交易日，三全食品股价涨停。但这并不是全部。截至7月3日...,https://www.iwencai.com/unifiedwap/inforesult?w=%E4%B8%89%E5%85%A8%E9%A3%9F%E5%93%81&querytype=news&search1=&search2=&search3=2020-07-01~2020-07-31&search4=&search5=&page=1,iWenCai,Unknown time,原标题：财说| 一年股价翻两倍、净利润增长四倍，三全食品暗藏这些猫腻 记者 |袁颖琪 编辑 |陈菲遐1 三全食品（002261.SZ）业绩大增成为了股价上涨催化剂。 在半年报业绩预告发出后的一个交易日，三全食品股价涨停。但这并不是全部。截至7月3日收盘，三全食品报收27.26元/股。年初至今，公司股,三全食品,1,2025-12-13 18:19:21,2020-07-01 to 2020-07-31
三全食品销量暴涨前三月去库存近5亿,https://www.iwencai.com/unifiedwap/inforesult?w=%E4%B8%89%E5%85%A8%E9%A3%9F%E5%93%81&querytype=news&search1=&search2=&search3=2020-07-01~2020-07-31&search4=&search5=&page=1,iWenCai,Unknown time,两速冻食品公司上半年业绩预增超四倍 三全食品销量暴涨前三月去库存近5亿,三全食品,1,2025-12-13 18:19:21,2020-07-01 to 2020-07-31
三全食品（002216.SZ）和海欣食品（002702.SZ）相继披露业绩预告。三全食品预计上半年实现归属于上市公司股东的净利润为4.35亿元至4.62亿元，同比增长390%至420%。海欣食品则对此...,https://www.iwencai.com/unifiedwap/inforesult?w=%E4%B8%89%E5%85%A8%E9%A3%9F%E5%93%81&querytype=news&search1=&search2=&search3=2020-07-01~2020-07-31&search4=&search5=&page=1,iWenCai,Unknown time,在“宅经济”这一新风口下，经营速冻食品、粮油米面等生活必需品的上市公司收益颇丰。 7月1日，两家速冻食品上市公司三全食品（002216.SZ）和海欣食品（002702.SZ）相继披露业绩预告。三全食品预计上半年实现归属于上市公司股东的净利润为4.35亿元至4.62亿元，同比增长390%至420%。海,三全食品,1,2025-12-13 18:19:21,2020-07-01 to 2020-07-31
三全食品预计2020年上半年净利润4.35亿元至4.62亿元 股票遭大股东及机构大量减持,https://www.iwencai.com/unifiedwap/inforesult?w=%E4%B8%89%E5%85%A8%E9%A3%9F%E5%93%81&querytype=news&search1=&search2=&search3=2020-07-01~2020-07-31&search4=&search5=&page=1,iWenCai,Unknown time,三全食品预计2020年上半年净利润4.35亿元至4.62亿元 股票遭大股东及机构大量减持,三全食品,1,2025-12-13 18:19:21,2020-07-01 to 2020-07-31
三全食品(SZ:002216)昨日晚间披露2020年半年度业绩预告，预计公司上半年实现归属于上市公司股东的净利润为4.35亿元至4.62亿元，上年同期为0.89亿元，同比增长390%至420%。三全食...,https://www.iwencai.com/unifiedwap/inforesult?w=%E4%B8%89%E5%85%A8%E9%A3%9F%E5%93%81&querytype=news&search1=&search2=&search3=2020-07-01~2020-07-31&search4=&search5=&page=1,iWenCai,Unknown time,中国网财经7月2日讯(记者 郭帅)三全食品(SZ:002216)昨日晚间披露2020年半年度业绩预告，预计公司上半年实现归属于上市公司股东的净利润为4.35亿元至4.62亿元，上年同期为0.89亿元，同比增长390%至420%。三全食品表示，业绩增长主要因公司通过优化产品结构，改善渠道质量，聚焦核心,三全食品,1,2025-12-13 18:19:21,2020-07-01 to 2020-07-31
三全食品、海欣食品半年度业绩双双大幅预增,https://www.iwencai.com/unifiedwap/inforesult?w=%E4%B8%89%E5%85%A8%E9%A3%9F%E5%93%81&querytype=news&search1=&search2=&search3=2020-07-01~2020-07-31&search4=&search5=&page=1,iWenCai,Unknown time,“宅经济”消费模式威力显现 三全食品、海欣食品半年度业绩双双大幅预增,三全食品,1,2025-12-13 18:19:21,2020-07-01 to 2020-07-31
三全食品及海欣食品只是部分案例，今年5月早早就披露半年度业绩预告的克明面业(002661)同样收获可观的增长，公司预计上半年净利润为1.8亿元-2.3亿元，同比增长72...,https://www.iwencai.com/unifiedwap/inforesult?w=%E4%B8%89%E5%85%A8%E9%A3%9F%E5%93%81&querytype=news&search1=&search2=&search3=2020-07-01~2020-07-31&search4=&search5=&page=1,iWenCai,Unknown time,此外，还包含部分常温休闲产品。 关于新冠疫情的影响，海欣食品此前曾表示，疫情虽然在短期内影响了速冻食品在农贸市场等流通领域的销售，但也提升了KA、BC及线上渠道的销售，促进了家庭消费者对速冻食品的消费习惯的形成，提升了消费者对速冻食品的消费体验，行业中长期向好趋势不变。 正如前述，今年以来，消费品行,三全食品,1,2025-12-13 18:19:21,2020-07-01 to 2020-07-31
三全食品半年预盈4亿多 市值增76亿,https://www.iwencai.com/unifiedwap/inforesult?w=%E4%B8%89%E5%85%A8%E9%A3%9F%E5%93%81&querytype=news&search1=&search2=&search3=2020-07-01~2020-07-31&search4=&search5=&page=1,iWenCai,Unknown time,业绩与股价齐飞！三全食品半年预盈4亿多 市值增76亿,三全食品,1,2025-12-13 18:19:21,2020-07-01 to 2020-07-31
三全食品发布了其2020年半年度业绩预告。 作为业绩预告的早发队伍，三全食品披露的数据也十分亮眼。2020年上半年，三全食品预计归属于上市公司股东的净利润为43496.42万元至46159.46万元，...,https://www.iwencai.com/unifiedwap/inforesult?w=%E4%B8%89%E5%85%A8%E9%A3%9F%E5%93%81&querytype=news&search1=&search2=&search3=2020-07-01~2020-07-31&search4=&search5=&page=1,iWenCai,Unknown time,新京报贝壳财经讯（记者 阎侠）7月1日晚间，三全食品发布了其2020年半年度业绩预告。 作为业绩预告的早发队伍，三全食品披露的数据也十分亮眼。2020年上半年，三全食品预计归属于上市公司股东的净利润为43496.42万元至46159.46万元，同比增长390%-420%。 对于报告期内公司业绩较上年,三全食品,1,2025-12-13 18:19:21,2020-07-01 to 2020-07-31
三全食品为何遭实控人减持,https://www.iwencai.com/unifiedwap/inforesult?w=%E4%B8%89%E5%85%A8%E9%A3%9F%E5%93%81&querytype=news&search1=&search2=&search3=2020-07-01~2020-07-31&search4=&search5=&page=1,iWenCai,Unknown time,股价新高业绩暴增 三全食品为何遭实控人减持,三全食品,1,2025-12-13 18:19:21,2020-07-01 to 2020-07-31
三全食品为何遭实控人减持.......,https://www.iwencai.com/unifiedwap/inforesult?w=%E4%B8%89%E5%85%A8%E9%A3%9F%E5%93%81&querytype=news&search1=&search2=&search3=2020-07-01~2020-07-31&search4=&search5=&page=1,iWenCai,Unknown time,股价新高业绩暴增 三全食品为何遭实控人减持.......,三全食品,1,2025-12-13 18:19:21,2020-07-01 to 2020-07-31
三全食品：股东陈泽民解除质押约2060万股.......,https://www.iwencai.com/unifiedwap/inforesult?w=%E4%B8%89%E5%85%A8%E9%A3%9F%E5%93%81&querytype=news&search1=&search2=&search3=2020-07-01~2020-07-31&search4=&search5=&page=1,iWenCai,Unknown time,三全食品：股东陈泽民解除质押约2060万股.......,三全食品,1,2025-12-13 18:19:21,2020-07-01 to 2020-07-31
三全食品等多只个股创新高,https://www.iwencai.com/unifiedwap/inforesult?w=%E4%B8%89%E5%85%A8%E9%A3%9F%E5%93%81&querytype=news&search1=&search2=&search3=2020-08-01~2020-08-31&search4=&search5=&page=1,iWenCai,Unknown time,食品饮料板块走势强劲 三全食品等多只个股创新高,三全食品,1,2025-12-13 18:19:30,2020-08-01 to 2020-08-31
三全食品等多只个股创新高 食品饮料板块18日盘中走势强劲，截至发稿，今日上市的新股均瑶健康达到44%的涨停上限，京粮控股涨停，保龄宝涨逾8%，好想你、安记食品涨幅超7%，三全食品、西麦食品、金丹科技、...,https://www.iwencai.com/unifiedwap/inforesult?w=%E4%B8%89%E5%85%A8%E9%A3%9F%E5%93%81&querytype=news&search1=&search2=&search3=2020-08-01~2020-08-31&search4=&search5=&page=1,iWenCai,Unknown time,原标题：食品饮料板块走势强劲 三全食品等多只个股创新高 食品饮料板块18日盘中走势强劲，截至发稿，今日上市的新股均瑶健康达到44%的涨停上限，京粮控股涨停，保龄宝涨逾8%，好想你、安记食品涨幅超7%，三全食品、西麦食品、金丹科技、安井食品等涨幅超6%。值得注意的是，三全食品、安井食品、中炬高新、千禾,三全食品,1,2025-12-13 18:19:30,2020-08-01 to 2020-08-31
三全食品持续走强 股价盘中创新高 三全食品（002216）股价盘中创出历史新高，最高涨至32.5元，截至14:04，涨3.05%，股价报32.11元，换手率1.6%，最新A股总市值达256.9亿元，A...,https://www.iwencai.com/unifiedwap/inforesult?w=%E4%B8%89%E5%85%A8%E9%A3%9F%E5%93%81&querytype=news&search1=&search2=&search3=2020-08-01~2020-08-31&search4=&search5=&page=1,iWenCai,Unknown time,原标题：三全食品持续走强 股价盘中创新高 三全食品（002216）股价盘中创出历史新高，最高涨至32.5元，截至14:04，涨3.05%，股价报32.11元，换手率1.6%，最新A股总市值达256.9亿元，A股流通市值181.8亿元。 北向资金动态上，深股通最新持有该股1415.27万股，近10日增,三全食品,1,2025-12-13 18:19:30,2020-08-01 to 2020-08-31
三全食品 公告编号：2020-039三全食品股份有限公司关于获...,https://www.iwencai.com/unifiedwap/inforesult?w=%E4%B8%89%E5%85%A8%E9%A3%9F%E5%93%81&querytype=news&search1=&search2=&search3=2020-08-01~2020-08-31&search4=&search5=&page=1,iWenCai,Unknown time,证券代码：002216 证券简称：三全食品 公告编号：2020-039三全食品股份有限公司关于获...,三全食品,1,2025-12-13 18:19:30,2020-08-01 to 2020-08-31
三全食品 公告编号：2020-039三全食品股份有限公司关于获得政府补助的公告 本公司及董事会全体成员保证信息披露的内容真实、准确、完整，没有虚假记载、误导性陈述或重大遗漏。 一、获取补助的基本情况 ...,https://www.iwencai.com/unifiedwap/inforesult?w=%E4%B8%89%E5%85%A8%E9%A3%9F%E5%93%81&querytype=news&search1=&search2=&search3=2020-08-01~2020-08-31&search4=&search5=&page=1,iWenCai,Unknown time,原标题：证券代码：002216 证券简称：三全食品 公告编号：2020-039三全食品股份有限公司关于获得政府补助的公告 本公司及董事会全体成员保证信息披露的内容真实、准确、完整，没有虚假记载、误导性陈述或重大遗漏。 一、获取补助的基本情况 三全食品股份有限公司（以下简称“三全食品”、“公司”）于近,三全食品,1,2025-12-13 18:19:30,2020-08-01 to 2020-08-31
三全食品的机会，真在电商？,https://www.iwencai.com/unifiedwap/inforesult?w=%E4%B8%89%E5%85%A8%E9%A3%9F%E5%93%81&querytype=news&search1=&search2=&search3=2020-08-01~2020-08-31&search4=&search5=&page=1,iWenCai,Unknown time,半年利润增4倍，三全食品的机会，真在电商？,三全食品,1,2025-12-13 18:19:30,2020-08-01 to 2020-08-31
三全食品亦表示，因疫情期间家庭内就餐频次提高，消费者对家庭厨房场景的关注度提升，速冻食品需求量上升。同时，连锁餐厅标准化趋势明显，对预制品的需求提升。公司将持续推进产品结构的优化与调整，加大产品的研发...,https://www.iwencai.com/unifiedwap/inforesult?w=%E4%B8%89%E5%85%A8%E9%A3%9F%E5%93%81&querytype=news&search1=&search2=&search3=2020-08-01~2020-08-31&search4=&search5=&page=1,iWenCai,Unknown time,三全食品亦表示，因疫情期间家庭内就餐频次提高，消费者对家庭厨房场景的关注度提升，速冻食品需求量上升。同时，连锁餐厅标准化趋势明显，对预制品的需求提升。公司将持续推进产品结构的优化与调整，加大产品的研发、提升生产及采购规模化能力，进一步完善社会餐饮与家庭餐桌消费的需求。 但同时，三全和一众食品企业在试,三全食品,1,2025-12-13 18:19:30,2020-08-01 to 2020-08-31
三全食品净利4.5亿增4倍 发力电商业务加大研发投入,https://www.iwencai.com/unifiedwap/inforesult?w=%E4%B8%89%E5%85%A8%E9%A3%9F%E5%93%81&querytype=news&search1=&search2=&search3=2020-08-01~2020-08-31&search4=&search5=&page=1,iWenCai,Unknown time,三全食品净利4.5亿增4倍 发力电商业务加大研发投入,三全食品,1,2025-12-13 18:19:30,2020-08-01 to 2020-08-31
三全食品成为上半年盈利能力最强的速冻食品类公司。 8月19日，三全食品(002216.SZ)发布2020年半年报显示，其营收为37.3亿元，同比增长22.6%；净利润为4.52亿元，同比增长409.6...,https://www.iwencai.com/unifiedwap/inforesult?w=%E4%B8%89%E5%85%A8%E9%A3%9F%E5%93%81&querytype=news&search1=&search2=&search3=2020-08-01~2020-08-31&search4=&search5=&page=1,iWenCai,Unknown time,·长江商报记者江楚雅 三全食品成为上半年盈利能力最强的速冻食品类公司。 8月19日，三全食品(002216.SZ)发布2020年半年报显示，其营收为37.3亿元，同比增长22.6%；净利润为4.52亿元，同比增长409.61%。 最为亮眼的数据是半年盈利4.52亿元，创历史新高。2019年全年，公司,三全食品,1,2025-12-13 18:19:30,2020-08-01 to 2020-08-31
三全食品收购龙凤食品被拖累几年，后来涉足的O2O鲜食项目在外卖大战中当了炮灰，业绩一度走到低谷。虽说疫情让公司业绩暴增，公司不认为有可持续性，“未来增长靠自身竞争力”。 2019年，公司启动内部机制改...,https://www.iwencai.com/unifiedwap/inforesult?w=%E4%B8%89%E5%85%A8%E9%A3%9F%E5%93%81&querytype=news&search1=&search2=&search3=2020-08-01~2020-08-31&search4=&search5=&page=1,iWenCai,Unknown time,未来增长靠什么？ 三全食品收购龙凤食品被拖累几年，后来涉足的O2O鲜食项目在外卖大战中当了炮灰，业绩一度走到低谷。虽说疫情让公司业绩暴增，公司不认为有可持续性，“未来增长靠自身竞争力”。 2019年，公司启动内部机制改革，不再设定目标任务，注重考核利润的同时兼顾收入。 斑马消费注意到，公司的“工作”,三全食品,1,2025-12-13 18:19:30,2020-08-01 to 2020-08-31
三全食品上半年营收37.3亿同比增22.60% 水饺营收增近5亿,https://www.iwencai.com/unifiedwap/inforesult?w=%E4%B8%89%E5%85%A8%E9%A3%9F%E5%93%81&querytype=news&search1=&search2=&search3=2020-08-01~2020-08-31&search4=&search5=&page=1,iWenCai,Unknown time,三全食品上半年营收37.3亿同比增22.60% 水饺营收增近5亿,三全食品,1,2025-12-13 18:19:30,2020-08-01 to 2020-08-31
三全食品上半年净利大增409.61% 三大核心优势助力业绩高质量持续增长,https://www.iwencai.com/unifiedwap/inforesult?w=%E4%B8%89%E5%85%A8%E9%A3%9F%E5%93%81&querytype=news&search1=&search2=&search3=2020-08-01~2020-08-31&search4=&search5=&page=1,iWenCai,Unknown time,三全食品上半年净利大增409.61% 三大核心优势助力业绩高质量持续增长,三全食品,1,2025-12-13 18:19:30,2020-08-01 to 2020-08-31
三全食品在产品创新方面不断取得突破，产品结构持续优化。上半年，三全食品进一步聚焦家庭备餐、早餐和涮烤三大核心场景，持续加大产品创新力度，不断开发新的系列和品类，进一步丰富产品线，满足客户多维度需求，为...,https://www.iwencai.com/unifiedwap/inforesult?w=%E4%B8%89%E5%85%A8%E9%A3%9F%E5%93%81&querytype=news&search1=&search2=&search3=2020-08-01~2020-08-31&search4=&search5=&page=1,iWenCai,Unknown time,强大的研发实力使三全食品在产品创新方面不断取得突破，产品结构持续优化。上半年，三全食品进一步聚焦家庭备餐、早餐和涮烤三大核心场景，持续加大产品创新力度，不断开发新的系列和品类，进一步丰富产品线，满足客户多维度需求，为公司的业务发展注入了强大驱动力。 品牌方面，三全食品公司相对于行业内其它企业有着强大,三全食品,1,2025-12-13 18:19:30,2020-08-01 to 2020-08-31
三全食品：2020年半年度净利润约4.52亿元，同比增加409.61%,https://www.iwencai.com/unifiedwap/inforesult?w=%E4%B8%89%E5%85%A8%E9%A3%9F%E5%93%81&querytype=news&search1=&search2=&search3=2020-08-01~2020-08-31&search4=&search5=&page=1,iWenCai,Unknown time,亮眼！三全食品：2020年半年度净利润约4.52亿元，同比增加409.61%,三全食品,1,2025-12-13 18:19:30,2020-08-01 to 2020-08-31
三全食品（SZ 002216，收盘价：36.8元）8月19日晚间发布半年度业绩报告称，2020年上半年归属于上市公司股东的净利润约为4.52亿元，同比增长409.61%，营业收入约为37.30亿元，同...,https://www.iwencai.com/unifiedwap/inforesult?w=%E4%B8%89%E5%85%A8%E9%A3%9F%E5%93%81&querytype=news&search1=&search2=&search3=2020-08-01~2020-08-31&search4=&search5=&page=1,iWenCai,Unknown time,每经AI快讯，三全食品（SZ 002216，收盘价：36.8元）8月19日晚间发布半年度业绩报告称，2020年上半年归属于上市公司股东的净利润约为4.52亿元，同比增长409.61%，营业收入约为37.30亿元，同比增长22.6%，基本每股盈利0.57元，同比增长418.18%。 2019年年报显示,三全食品,1,2025-12-13 18:19:30,2020-08-01 to 2020-08-31
三全食品上半年利润总额同比增加474.92%,https://www.iwencai.com/unifiedwap/inforesult?w=%E4%B8%89%E5%85%A8%E9%A3%9F%E5%93%81&querytype=news&search1=&search2=&search3=2020-08-01~2020-08-31&search4=&search5=&page=1,iWenCai,Unknown time,三全食品上半年利润总额同比增加474.92%,三全食品,1,2025-12-13 18:19:30,2020-08-01 to 2020-08-31
三全食品发布2020年半年度报告。为中国速冻食品行业的开创者和领导者，全国最大的速冻食品生产企业，20多年来，三全食品始终站在中国速冻食品美味、健康领域的前沿，全力传承发扬传统美食文化，使用现代科技和...,https://www.iwencai.com/unifiedwap/inforesult?w=%E4%B8%89%E5%85%A8%E9%A3%9F%E5%93%81&querytype=news&search1=&search2=&search3=2020-08-01~2020-08-31&search4=&search5=&page=1,iWenCai,Unknown time,上证报中国证券网讯 8月20日，三全食品发布2020年半年度报告。为中国速冻食品行业的开创者和领导者，全国最大的速冻食品生产企业，20多年来，三全食品始终站在中国速冻食品美味、健康领域的前沿，全力传承发扬传统美食文化，使用现代科技和工艺，专注研发不同口味的美食，带给消费者新鲜的优质食品、美好的现代生,三全食品,1,2025-12-13 18:19:30,2020-08-01 to 2020-08-31
三全食品净利大增4倍，餐饮渠道受疫情影响收入微降,https://www.iwencai.com/unifiedwap/inforesult?w=%E4%B8%89%E5%85%A8%E9%A3%9F%E5%93%81&querytype=news&search1=&search2=&search3=2020-08-01~2020-08-31&search4=&search5=&page=1,iWenCai,Unknown time,三全食品净利大增4倍，餐饮渠道受疫情影响收入微降,三全食品,1,2025-12-13 18:19:30,2020-08-01 to 2020-08-31
三全食品发布2020年半年报显示，其营收为37.3亿元，同比增长22.6%；净利润为4.52亿元，同比增长409.61%。受疫情影响，三全餐饮渠道营收微降2.9%。 就渠道表现而言，三全零售及创新市场...,https://www.iwencai.com/unifiedwap/inforesult?w=%E4%B8%89%E5%85%A8%E9%A3%9F%E5%93%81&querytype=news&search1=&search2=&search3=2020-08-01~2020-08-31&search4=&search5=&page=1,iWenCai,Unknown time,新京报讯(记者郭铁)8月19日，三全食品发布2020年半年报显示，其营收为37.3亿元，同比增长22.6%；净利润为4.52亿元，同比增长409.61%。受疫情影响，三全餐饮渠道营收微降2.9%。 就渠道表现而言，三全零售及创新市场营收为33.76亿元，同比增长26.07%；餐饮市场受突发疫情因素影,三全食品,1,2025-12-13 18:19:30,2020-08-01 to 2020-08-31
三全食品上半年营收37.3亿 水饺营收增长近5亿,https://www.iwencai.com/unifiedwap/inforesult?w=%E4%B8%89%E5%85%A8%E9%A3%9F%E5%93%81&querytype=news&search1=&search2=&search3=2020-08-01~2020-08-31&search4=&search5=&page=1,iWenCai,Unknown time,三全食品上半年营收37.3亿 水饺营收增长近5亿,三全食品,1,2025-12-13 18:19:30,2020-08-01 to 2020-08-31
三全食品(SZ:002216)披露2020年半年报，公司上半年实现营收37.30亿元，同比增加22.60%；实现净利润4.52亿元，同比增加409.61%。半年报显示，报告期，公司零售及创新市场实现营...,https://www.iwencai.com/unifiedwap/inforesult?w=%E4%B8%89%E5%85%A8%E9%A3%9F%E5%93%81&querytype=news&search1=&search2=&search3=2020-08-01~2020-08-31&search4=&search5=&page=1,iWenCai,Unknown time,8月19日晚间，三全食品(SZ:002216)披露2020年半年报，公司上半年实现营收37.30亿元，同比增加22.60%；实现净利润4.52亿元，同比增加409.61%。半年报显示，报告期，公司零售及创新市场实现营业收入33.76亿元，同比增长26.07%，实现利润总额5.39亿元，同比增长623,三全食品,1,2025-12-13 18:19:30,2020-08-01 to 2020-08-31
三全食品“推荐”评级，股价合理区间为37.2-41.85元,https://www.iwencai.com/unifiedwap/inforesult?w=%E4%B8%89%E5%85%A8%E9%A3%9F%E5%93%81&querytype=news&search1=&search2=&search3=2020-08-01~2020-08-31&search4=&search5=&page=1,iWenCai,Unknown time,财信证券：维持对三全食品“推荐”评级，股价合理区间为37.2-41.85元,三全食品,1,2025-12-13 18:19:30,2020-08-01 to 2020-08-31
三全食品“推荐”评级，股价合理区间为37.2-41.85元.......,https://www.iwencai.com/unifiedwap/inforesult?w=%E4%B8%89%E5%85%A8%E9%A3%9F%E5%93%81&querytype=news&search1=&search2=&search3=2020-08-01~2020-08-31&search4=&search5=&page=1,iWenCai,Unknown time,财信证券：维持对三全食品“推荐”评级，股价合理区间为37.2-41.85元.......,三全食品,1,2025-12-13 18:19:30,2020-08-01 to 2020-08-31
三全食品：锅圈供应链目前运营情况良好 具有较高成长性,https://www.iwencai.com/unifiedwap/inforesult?w=%E4%B8%89%E5%85%A8%E9%A3%9F%E5%93%81&querytype=news&search1=&search2=&search3=2020-08-01~2020-08-31&search4=&search5=&page=1,iWenCai,Unknown time,三全食品：锅圈供应链目前运营情况良好 具有较高成长性,三全食品,1,2025-12-13 18:19:30,2020-08-01 to 2020-08-31
"三全食品(002216)周二在互动平台回答投资者提问时表示,锅圈供应链在一、二线城市到县级城市,都具有强大的产品下沉能力,目前运营情况良好,具有较高的成长性。公司餐饮业务方面,随着餐饮业的复工,渠道补...",https://www.iwencai.com/unifiedwap/inforesult?w=%E4%B8%89%E5%85%A8%E9%A3%9F%E5%93%81&querytype=news&search1=&search2=&search3=2020-08-01~2020-08-31&search4=&search5=&page=1,iWenCai,Unknown time,"三全食品(002216)周二在互动平台回答投资者提问时表示,锅圈供应链在一、二线城市到县级城市,都具有强大的产品下沉能力,目前运营情况良好,具有较高的成长性。公司餐饮业务方面,随着餐饮业的复工,渠道补货逐步趋于正常,6月已经恢复正常水平,整体趋势向好...",三全食品,1,2025-12-13 18:19:30,2020-08-01 to 2020-08-31
三全食品 公告编号：2020-041三全食品股份有限公司关于股...,https://www.iwencai.com/unifiedwap/inforesult?w=%E4%B8%89%E5%85%A8%E9%A3%9F%E5%93%81&querytype=news&search1=&search2=&search3=2020-09-01~2020-09-30&search4=&search5=&page=1,iWenCai,Unknown time,证券代码：002216 证券简称：三全食品 公告编号：2020-041三全食品股份有限公司关于股...,三全食品,1,2025-12-13 18:19:38,2020-09-01 to 2020-09-30
三全食品 公告编号：2020-041三全食品股份有限公司关于股东部分股份提前解除质押的公告 本公司及董事会全体成员保证信息披露内容的真实、准确和完整，没有虚假记载、误导性陈述或重大遗漏。 三全食品股份...,https://www.iwencai.com/unifiedwap/inforesult?w=%E4%B8%89%E5%85%A8%E9%A3%9F%E5%93%81&querytype=news&search1=&search2=&search3=2020-09-01~2020-09-30&search4=&search5=&page=1,iWenCai,Unknown time,原标题：证券代码：002216 证券简称：三全食品 公告编号：2020-041三全食品股份有限公司关于股东部分股份提前解除质押的公告 本公司及董事会全体成员保证信息披露内容的真实、准确和完整，没有虚假记载、误导性陈述或重大遗漏。 三全食品股份有限公司（以下简称“公司”或“本公司”）于近日收到股东陈南,三全食品,1,2025-12-13 18:19:38,2020-09-01 to 2020-09-30
三全食品为何做起“新生意”,https://www.iwencai.com/unifiedwap/inforesult?w=%E4%B8%89%E5%85%A8%E9%A3%9F%E5%93%81&querytype=news&search1=&search2=&search3=2020-09-01~2020-09-30&search4=&search5=&page=1,iWenCai,Unknown time,盯上火锅烧烤市场 三全食品为何做起“新生意”,三全食品,1,2025-12-13 18:19:38,2020-09-01 to 2020-09-30
三全食品做起了火锅烧烤的生意。近日，三全食品在公告中表示，全新品牌“三全涮烤汇”或成为公司持续增长的新动力。速冻食品龙头三全食品为何盯上火锅烧烤市场？新赛道新产品究竟有多大的消费潜力？速冻食品龙头企业...,https://www.iwencai.com/unifiedwap/inforesult?w=%E4%B8%89%E5%85%A8%E9%A3%9F%E5%93%81&querytype=news&search1=&search2=&search3=2020-09-01~2020-09-30&search4=&search5=&page=1,iWenCai,Unknown time,以速冻水饺等面食起家的三全食品做起了火锅烧烤的生意。近日，三全食品在公告中表示，全新品牌“三全涮烤汇”或成为公司持续增长的新动力。速冻食品龙头三全食品为何盯上火锅烧烤市场？新赛道新产品究竟有多大的消费潜力？速冻食品龙头企业布局火锅烧烤在近日发布的投资者关系活动记录表中，三全食品表示，公司今年的工作重,三全食品,1,2025-12-13 18:19:38,2020-09-01 to 2020-09-30
三全食品大股东及一致行动人减持计划提前完成，套现超3.33亿,https://www.iwencai.com/unifiedwap/inforesult?w=%E4%B8%89%E5%85%A8%E9%A3%9F%E5%93%81&querytype=news&search1=&search2=&search3=2020-09-01~2020-09-30&search4=&search5=&page=1,iWenCai,Unknown time,三全食品大股东及一致行动人减持计划提前完成，套现超3.33亿,三全食品,1,2025-12-13 18:19:38,2020-09-01 to 2020-09-30
三全食品大股东及一致行动人减持计划提前完成，套现超3.33亿 来源：新京报 新京报讯（记者 郭铁）9月22日晚，三全食品宣布其大股东陈泽民及一致行动人李冬雨减持计划提前完成。二人合计减持三全食品总股本...,https://www.iwencai.com/unifiedwap/inforesult?w=%E4%B8%89%E5%85%A8%E9%A3%9F%E5%93%81&querytype=news&search1=&search2=&search3=2020-09-01~2020-09-30&search4=&search5=&page=1,新京报,2020年3月24日,原标题：三全食品大股东及一致行动人减持计划提前完成，套现超3.33亿 来源：新京报 新京报讯（记者 郭铁）9月22日晚，三全食品宣布其大股东陈泽民及一致行动人李冬雨减持计划提前完成。二人合计减持三全食品总股本的1.43%，套现超过3.33亿元。 2020年3月24日，三全食品披露《关于大股东及其一致,三全食品,1,2025-12-13 18:19:38,2020-09-01 to 2020-09-30
三全食品：大股东陈泽民及其一致行动人共减持1144万股，减持计划完成,https://www.iwencai.com/unifiedwap/inforesult?w=%E4%B8%89%E5%85%A8%E9%A3%9F%E5%93%81&querytype=news&search1=&search2=&search3=2020-09-01~2020-09-30&search4=&search5=&page=1,iWenCai,Unknown time,三全食品：大股东陈泽民及其一致行动人共减持1144万股，减持计划完成,三全食品,1,2025-12-13 18:19:38,2020-09-01 to 2020-09-30
三全食品（SZ 002216，收盘价：34.42元）9月22日晚间发布公告称，2020年9月22日，公司收到大股东陈泽民先生及其一致行动人李冬雨女士出具的《股份减持计划实施完毕告知函》，在上述减持区间...,https://www.iwencai.com/unifiedwap/inforesult?w=%E4%B8%89%E5%85%A8%E9%A3%9F%E5%93%81&querytype=news&search1=&search2=&search3=2020-09-01~2020-09-30&search4=&search5=&page=1,iWenCai,2020年9月22日,每经AI快讯，三全食品（SZ 002216，收盘价：34.42元）9月22日晚间发布公告称，2020年9月22日，公司收到大股东陈泽民先生及其一致行动人李冬雨女士出具的《股份减持计划实施完毕告知函》，在上述减持区间内，陈泽民先生及李冬雨女士共减持公司股份11439452股，占公司总股本的1.43%，,三全食品,1,2025-12-13 18:19:38,2020-09-01 to 2020-09-30
三全食品逆势大涨!公司今年拟围绕“涮烤汇”培育新动力,https://www.iwencai.com/unifiedwap/inforesult?w=%E4%B8%89%E5%85%A8%E9%A3%9F%E5%93%81&querytype=news&search1=&search2=&search3=2020-09-01~2020-09-30&search4=&search5=&page=1,iWenCai,Unknown time,速冻龙头三全食品逆势大涨!公司今年拟围绕“涮烤汇”培育新动力,三全食品,1,2025-12-13 18:19:38,2020-09-01 to 2020-09-30
三全食品逆势上涨，今日收盘，三全食品再度涨超4％，数据显示，该股上周五曾涨停。 据三全食品发布的投资者关系活动记录显示，公司今年的工作重点是围绕备餐、涮烤及早餐三大场景，加大新产品研发、产品结构调整、...,https://www.iwencai.com/unifiedwap/inforesult?w=%E4%B8%89%E5%85%A8%E9%A3%9F%E5%93%81&querytype=news&search1=&search2=&search3=2020-09-01~2020-09-30&search4=&search5=&page=1,iWenCai,Unknown time,三全食品逆势上涨，今日收盘，三全食品再度涨超4％，数据显示，该股上周五曾涨停。 据三全食品发布的投资者关系活动记录显示，公司今年的工作重点是围绕备餐、涮烤及早餐三大场景，加大新产品研发、产品结构调整、渠道质量改善。公司表示，三全涮烤汇是三全品牌下汇集了火锅和烧烤产品的一个全新系列，是公司围绕消费需求,三全食品,1,2025-12-13 18:19:38,2020-09-01 to 2020-09-30
三全食品(002216.SZ)逆势涨近4%】,https://www.iwencai.com/unifiedwap/inforesult?w=%E4%B8%89%E5%85%A8%E9%A3%9F%E5%93%81&querytype=news&search1=&search2=&search3=2020-09-01~2020-09-30&search4=&search5=&page=1,iWenCai,Unknown time,【机构扎堆调研 三全食品(002216.SZ)逆势涨近4%】,三全食品,1,2025-12-13 18:19:38,2020-09-01 to 2020-09-30
三全食品(002216.SZ)逆势涨近4%】 来源：格隆汇 格隆汇9月21日丨A股今日普跌，食品加工板块集体下跌且跌幅居前，不过，三全食品(002216.SZ)逆势上涨，目前涨近4%，该股上周五曾涨停...,https://www.iwencai.com/unifiedwap/inforesult?w=%E4%B8%89%E5%85%A8%E9%A3%9F%E5%93%81&querytype=news&search1=&search2=&search3=2020-09-01~2020-09-30&search4=&search5=&page=1,格隆汇,Unknown time,原标题：【机构扎堆调研 三全食品(002216.SZ)逆势涨近4%】 来源：格隆汇 格隆汇9月21日丨A股今日普跌，食品加工板块集体下跌且跌幅居前，不过，三全食品(002216.SZ)逆势上涨，目前涨近4%，该股上周五曾涨停。该股上周获64家机构调研。另外，三全食品发布的投资者关系活动记录显示，公司,三全食品,1,2025-12-13 18:19:38,2020-09-01 to 2020-09-30
三全食品开盘报29.25元，截止14:53分，该股涨10.02%报32.29元，封上涨停板。 昨日（2020-09-17）该股净流出金额-271.16万元，主力净流出-274.14万元，中单净流入6....,https://www.iwencai.com/unifiedwap/inforesult?w=%E4%B8%89%E5%85%A8%E9%A3%9F%E5%93%81&querytype=news&search1=&search2=&search3=2020-09-01~2020-09-30&search4=&search5=&page=1,iWenCai,2020-09-17,金融界网站9月18日讯 今日三全食品开盘报29.25元，截止14:53分，该股涨10.02%报32.29元，封上涨停板。 昨日（2020-09-17）该股净流出金额-271.16万元，主力净流出-274.14万元，中单净流入6.49万元，散户净流出-3.51万元。 最近一个月内，三全食品共计登上龙虎,三全食品,1,2025-12-13 18:19:38,2020-09-01 to 2020-09-30
三全食品推出涮烤汇全新品牌 或成为公司持续增长新动力,https://www.iwencai.com/unifiedwap/inforesult?w=%E4%B8%89%E5%85%A8%E9%A3%9F%E5%93%81&querytype=news&search1=&search2=&search3=2020-09-01~2020-09-30&search4=&search5=&page=1,iWenCai,Unknown time,三全食品推出涮烤汇全新品牌 或成为公司持续增长新动力,三全食品,1,2025-12-13 18:19:38,2020-09-01 to 2020-09-30
三全食品表示，零售市场方面，公司继续加大了产品结构创新力度，业绩保持较高增长；餐饮市场方面，餐饮业在疫情期间受到的影响较大，公司餐饮渠道业务也有一定的影响，二季度末期渠道补货趋于正常，收入已恢复正常水...,https://www.iwencai.com/unifiedwap/inforesult?w=%E4%B8%89%E5%85%A8%E9%A3%9F%E5%93%81&querytype=news&search1=&search2=&search3=2020-09-01~2020-09-30&search4=&search5=&page=1,iWenCai,Unknown time,公司今年的工作重点是在保证利润率的前提下追求收入高增长，拓宽消费场景，把握公司在产品研发及供应链建设方面的优势，围绕备餐、涮烤及早餐三大场景，加大新产品研发、产品结构调整、渠道质量改善。从目前看，新的大品类增长初见端倪，未来将成为公司持续增长的新动力。 三全食品表示，零售市场方面，公司继续加大了产品,三全食品,1,2025-12-13 18:19:38,2020-09-01 to 2020-09-30
三全食品的前三大股东分别是陈南、陈希、陈泽民，各持股9.9%左右。1943年出生的陈泽民逐渐退出企业管理，逐渐把大权交给陈南、陈希。 Wind显示，陈泽民在2020年7月质押了手头持有的27%的股权。...,https://www.iwencai.com/unifiedwap/inforesult?w=%E4%B8%89%E5%85%A8%E9%A3%9F%E5%93%81&querytype=news&search1=&search2=&search3=2020-09-01~2020-09-30&search4=&search5=&page=1,iWenCai,Unknown time,经营思路的悄然转变 三全食品的前三大股东分别是陈南、陈希、陈泽民，各持股9.9%左右。1943年出生的陈泽民逐渐退出企业管理，逐渐把大权交给陈南、陈希。 Wind显示，陈泽民在2020年7月质押了手头持有的27%的股权。虽然比例不算高，但考虑到他的年龄，这是一个趋势，大股东有通过各种手段套现股权的可,三全食品,1,2025-12-13 18:19:38,2020-09-01 to 2020-09-30
三全食品(002216.SZ)：股东陈南提前解押1300万股,https://www.iwencai.com/unifiedwap/inforesult?w=%E4%B8%89%E5%85%A8%E9%A3%9F%E5%93%81&querytype=news&search1=&search2=&search3=2020-09-01~2020-09-30&search4=&search5=&page=1,iWenCai,Unknown time,三全食品(002216.SZ)：股东陈南提前解押1300万股,三全食品,1,2025-12-13 18:19:38,2020-09-01 to 2020-09-30
三全食品(002216.SZ)：股东陈南提前解押1300万股 来源：格隆汇 格隆汇 9 月 4日丨三全食品(002216.SZ)公布，近日收到股东陈南的通知，获悉陈南将其持有的部分公司股份提前办理了解...,https://www.iwencai.com/unifiedwap/inforesult?w=%E4%B8%89%E5%85%A8%E9%A3%9F%E5%93%81&querytype=news&search1=&search2=&search3=2020-09-01~2020-09-30&search4=&search5=&page=1,格隆汇,Unknown time,原标题：三全食品(002216.SZ)：股东陈南提前解押1300万股 来源：格隆汇 格隆汇 9 月 4日丨三全食品(002216.SZ)公布，近日收到股东陈南的通知，获悉陈南将其持有的部分公司股份提前办理了解除质押手续。本次解除质押股份数量1300万股...,三全食品,1,2025-12-13 18:19:38,2020-09-01 to 2020-09-30
三全食品最受关注,https://www.iwencai.com/unifiedwap/inforesult?w=%E4%B8%89%E5%85%A8%E9%A3%9F%E5%93%81&querytype=news&search1=&search2=&search3=2020-09-01~2020-09-30&search4=&search5=&page=1,iWenCai,Unknown time,13股获20家以上机构扎堆调研 三全食品最受关注,三全食品,1,2025-12-13 18:19:38,2020-09-01 to 2020-09-30
三全食品最受关注，参与调研的机构达到64家；中航电测被24家机构调研，榜单中排名第二。 机构调研次数来看，中航电测机构调研最为密集，共获机构2次调研...,https://www.iwencai.com/unifiedwap/inforesult?w=%E4%B8%89%E5%85%A8%E9%A3%9F%E5%93%81&querytype=news&search1=&search2=&search3=2020-09-01~2020-09-30&search4=&search5=&page=1,iWenCai,Unknown time,证券时报统计显示，近5个交易日（9月17日至9月23日）沪深两市约50家上市公司被机构调研。机构调研榜单中，共有13家公司获10家以上机构扎堆调研。三全食品最受关注，参与调研的机构达到64家；中航电测被24家机构调研，榜单中排名第二。 机构调研次数来看，中航电测机构调研最为密集，共获机构2次调研..,三全食品,1,2025-12-13 18:19:38,2020-09-01 to 2020-09-30
三全食品喊你在家吃火锅和撸烤串.......,https://www.iwencai.com/unifiedwap/inforesult?w=%E4%B8%89%E5%85%A8%E9%A3%9F%E5%93%81&querytype=news&search1=&search2=&search3=2020-09-01~2020-09-30&search4=&search5=&page=1,iWenCai,Unknown time,三全食品喊你在家吃火锅和撸烤串.......,三全食品,1,2025-12-13 18:19:38,2020-09-01 to 2020-09-30
三全食品最受欢迎,https://www.iwencai.com/unifiedwap/inforesult?w=%E4%B8%89%E5%85%A8%E9%A3%9F%E5%93%81&querytype=news&search1=&search2=&search3=2020-09-01~2020-09-30&search4=&search5=&page=1,iWenCai,Unknown time,九月公募基金调研了这些股票 三全食品最受欢迎,三全食品,1,2025-12-13 18:19:38,2020-09-01 to 2020-09-30
三全食品最受欢迎.......,https://www.iwencai.com/unifiedwap/inforesult?w=%E4%B8%89%E5%85%A8%E9%A3%9F%E5%93%81&querytype=news&search1=&search2=&search3=2020-09-01~2020-09-30&search4=&search5=&page=1,iWenCai,Unknown time,九月公募基金调研了这些股票 三全食品最受欢迎.......,三全食品,1,2025-12-13 18:19:39,2020-09-01 to 2020-09-30
三全食品、安井食品、海欣食品营收净利双增长；广州酒家2020年上半年净利润同比下降；惠发食品2020年上半年净利润亏损缩窄至约566万元。食品伙伴网讯近期，上市公司纷纷披露半年报，食品伙伴网整理了5家...,https://www.iwencai.com/unifiedwap/inforesult?w=%E4%B8%89%E5%85%A8%E9%A3%9F%E5%93%81&querytype=news&search1=&search2=&search3=2020-09-01~2020-09-30&search4=&search5=&page=1,iWenCai,Unknown time,核心提示：近期，上市公司纷纷披露半年报，食品伙伴网整理了5家速冻食品企业半年报情况。其中，三全食品、安井食品、海欣食品营收净利双增长；广州酒家2020年上半年净利润同比下降；惠发食品2020年上半年净利润亏损缩窄至约566万元。食品伙伴网讯近期，上市公司纷纷披露半年报，食品伙伴网整理了5家速冻食品企,三全食品,1,2025-12-13 18:19:39,2020-09-01 to 2020-09-30
三全食品前三季度利润暴增四倍 宅经济下食品行业三季报业绩普涨,https://www.iwencai.com/unifiedwap/inforesult?w=%E4%B8%89%E5%85%A8%E9%A3%9F%E5%93%81&querytype=news&search1=&search2=&search3=2020-10-01~2020-10-31&search4=&search5=&page=1,iWenCai,Unknown time,三全食品前三季度利润暴增四倍 宅经济下食品行业三季报业绩普涨,三全食品,1,2025-12-13 18:19:47,2020-10-01 to 2020-10-31
三全食品(002216)10月9日晚间公告，预计2020年前三季度净利润为5.48亿元-5.83亿元，同比增长370%到400%。 三全食品表示，报告期内，公司利润率恢复并保持至正常水平，销售收入增长...,https://www.iwencai.com/unifiedwap/inforesult?w=%E4%B8%89%E5%85%A8%E9%A3%9F%E5%93%81&querytype=news&search1=&search2=&search3=2020-10-01~2020-10-31&search4=&search5=&page=1,iWenCai,Unknown time,国庆长假结束，旅游消费迅速恢复。多家食品行业公司已率先披露2020年三季度业绩预告，虽然新冠疫情给经济社会带来一定冲击，但是食品行业今年以来显示出了足够的韧性。三全食品(002216)10月9日晚间公告，预计2020年前三季度净利润为5.48亿元-5.83亿元，同比增长370%到400%。 三全食品,三全食品,1,2025-12-13 18:19:47,2020-10-01 to 2020-10-31
三全食品前三季净利增长近4倍，运营河南7-11瞄准鲜食市场,https://www.iwencai.com/unifiedwap/inforesult?w=%E4%B8%89%E5%85%A8%E9%A3%9F%E5%93%81&querytype=news&search1=&search2=&search3=2020-10-01~2020-10-31&search4=&search5=&page=1,iWenCai,Unknown time,三全食品前三季净利增长近4倍，运营河南7-11瞄准鲜食市场,三全食品,1,2025-12-13 18:19:47,2020-10-01 to 2020-10-31
三全食品营收为37.3亿元，同比增长22.6%；净利润为4.52亿元，同比增长409.61%。 在速冻食品市场向好的情况下，三全食品还将触角伸向连锁业务。2019年12月，三全食品全资子公司河南叁伊便...,https://www.iwencai.com/unifiedwap/inforesult?w=%E4%B8%89%E5%85%A8%E9%A3%9F%E5%93%81&querytype=news&search1=&search2=&search3=2020-10-01~2020-10-31&search4=&search5=&page=1,iWenCai,Unknown time,据新京报记者此前调查了解，与餐饮、零售业受疫情冲击不同，居家防疫带来的消费模式改变使速冻食品市场需求激增，个别企业在卖场的销量较往年同期增长80%，线上销量更是暴增近20倍，致使不少产品供应紧张、库存告急。2020年半年报显示，三全食品营收为37.3亿元，同比增长22.6%；净利润为4.52亿元，同,三全食品,1,2025-12-13 18:19:47,2020-10-01 to 2020-10-31
三全食品2020年前三季度净利5.71亿增长389.39% 其他收益增加,https://www.iwencai.com/unifiedwap/inforesult?w=%E4%B8%89%E5%85%A8%E9%A3%9F%E5%93%81&querytype=news&search1=&search2=&search3=2020-10-01~2020-10-31&search4=&search5=&page=1,iWenCai,Unknown time,三全食品2020年前三季度净利5.71亿增长389.39% 其他收益增加,三全食品,1,2025-12-13 18:19:47,2020-10-01 to 2020-10-31
"三全食品2020年前三季度净利5.71亿增长389.39% 其他收益增加 来源：挖贝网 挖贝网 10月27日，三全食品 发布2020年三季度报告，公告显示，2020年1-9月实现营收5,204,169...",https://www.iwencai.com/unifiedwap/inforesult?w=%E4%B8%89%E5%85%A8%E9%A3%9F%E5%93%81&querytype=news&search1=&search2=&search3=2020-10-01~2020-10-31&search4=&search5=&page=1,挖贝网,Unknown time,"原标题：三全食品2020年前三季度净利5.71亿增长389.39% 其他收益增加 来源：挖贝网 挖贝网 10月27日，三全食品 发布2020年三季度报告，公告显示，2020年1-9月实现营收5,204,169,149.40元，同比增长23.61%；归属于上市公司股东的净利润570,589,506.8",三全食品,1,2025-12-13 18:19:47,2020-10-01 to 2020-10-31
三全食品：前三季度净利润约5.71亿元，同比增加389.39%,https://www.iwencai.com/unifiedwap/inforesult?w=%E4%B8%89%E5%85%A8%E9%A3%9F%E5%93%81&querytype=news&search1=&search2=&search3=2020-10-01~2020-10-31&search4=&search5=&page=1,iWenCai,Unknown time,三全食品：前三季度净利润约5.71亿元，同比增加389.39%,三全食品,1,2025-12-13 18:19:47,2020-10-01 to 2020-10-31
三全食品（SZ 002216，收盘价：31.81元）10月26日晚间发布三季度业绩公告称，2020年前三季度营收约52.04亿元，同比增长23.61%；净利润约5.71亿元，同比增长389.39%；基...,https://www.iwencai.com/unifiedwap/inforesult?w=%E4%B8%89%E5%85%A8%E9%A3%9F%E5%93%81&querytype=news&search1=&search2=&search3=2020-10-01~2020-10-31&search4=&search5=&page=1,iWenCai,Unknown time,每经AI快讯，三全食品（SZ 002216，收盘价：31.81元）10月26日晚间发布三季度业绩公告称，2020年前三季度营收约52.04亿元，同比增长23.61%；净利润约5.71亿元，同比增长389.39%；基本每股收益0.71元，同比增长373.33%。 2020年半年报显示，三全食品的主营业,三全食品,1,2025-12-13 18:19:47,2020-10-01 to 2020-10-31
三全食品：疫情之后 未来可持续增长靠什么？,https://www.iwencai.com/unifiedwap/inforesult?w=%E4%B8%89%E5%85%A8%E9%A3%9F%E5%93%81&querytype=news&search1=&search2=&search3=2020-10-01~2020-10-31&search4=&search5=&page=1,iWenCai,Unknown time,三全食品：疫情之后 未来可持续增长靠什么？,三全食品,1,2025-12-13 18:19:47,2020-10-01 to 2020-10-31
三全食品：疫情之后 未来可持续增长靠什么？ 来源：中访网财经 疫情期间，“宅经济”兴起，方便、快捷的速食食品一夜之间被供上了“神坛”，成为消费者的心头爱。 号称“中国速冻食品专家”的三全食品（0022...,https://www.iwencai.com/unifiedwap/inforesult?w=%E4%B8%89%E5%85%A8%E9%A3%9F%E5%93%81&querytype=news&search1=&search2=&search3=2020-10-01~2020-10-31&search4=&search5=&page=1,中访网财经,Unknown time,原标题：三全食品：疫情之后 未来可持续增长靠什么？ 来源：中访网财经 疫情期间，“宅经济”兴起，方便、快捷的速食食品一夜之间被供上了“神坛”，成为消费者的心头爱。 号称“中国速冻食品专家”的三全食品（002216.SZ）也收获颇丰，上半年赚得盆满钵满，挣的钱是去年全年的2倍多。 根据官网提供的信息显,三全食品,1,2025-12-13 18:19:47,2020-10-01 to 2020-10-31
三全食品操刀的7-ELEVEN上速度了,https://www.iwencai.com/unifiedwap/inforesult?w=%E4%B8%89%E5%85%A8%E9%A3%9F%E5%93%81&querytype=news&search1=&search2=&search3=2020-10-01~2020-10-31&search4=&search5=&page=1,iWenCai,Unknown time,半个月开三家店，三全食品操刀的7-ELEVEN上速度了,三全食品,1,2025-12-13 18:19:47,2020-10-01 to 2020-10-31
三全食品本身具有和零售企业合作鲜食产品的经验，据其披露的一份投资者关系活动记录显示，三全鲜食业务目前核心品类为米类（便当、饭...而三全之所以选择和7-Eleven合作，更多看中的，是后者的商品开发能...,https://www.iwencai.com/unifiedwap/inforesult?w=%E4%B8%89%E5%85%A8%E9%A3%9F%E5%93%81&querytype=news&search1=&search2=&search3=2020-10-01~2020-10-31&search4=&search5=&page=1,iWenCai,Unknown time,作为全国最大速冻食品企业，三全食品本身具有和零售企业合作鲜食产品的经验，据其披露的一份投资者关系活动记录显示，三全鲜食业务目前核心品类为米类（便当、饭...而三全之所以选择和7-Eleven合作，更多看中的，是后者的商品开发能力和供应链系统。 据天眼查APP显示，截至目前，河南叁伊便利店连锁有限公司,三全食品,1,2025-12-13 18:19:47,2020-10-01 to 2020-10-31
三全食品后腿？,https://www.iwencai.com/unifiedwap/inforesult?w=%E4%B8%89%E5%85%A8%E9%A3%9F%E5%93%81&querytype=news&search1=&search2=&search3=2020-10-01~2020-10-31&search4=&search5=&page=1,iWenCai,Unknown time,净利大增仍遭大股东减持 谁拖了三全食品后腿？,三全食品,1,2025-12-13 18:19:47,2020-10-01 to 2020-10-31
三全食品利润率偏低，已经成为不争的事实。从2014年到2019年，三全视频利润率从0.83%攀升至的3.66％，虽然一路上扬，但速度太过缓慢，仍然是行业龙头里面垫底的那个，远低于安井食品和惠发股份等超...,https://www.iwencai.com/unifiedwap/inforesult?w=%E4%B8%89%E5%85%A8%E9%A3%9F%E5%93%81&querytype=news&search1=&search2=&search3=2020-10-01~2020-10-31&search4=&search5=&page=1,iWenCai,Unknown time,三全食品利润率偏低，已经成为不争的事实。从2014年到2019年，三全视频利润率从0.83%攀升至的3.66％，虽然一路上扬，但速度太过缓慢，仍然是行业龙头里面垫底的那个，远低于安井食品和惠发股份等超5%的净利率。 长期以往，将会成为制约企业发展的重要因素，三全食品也认识到问题的重要性。今年，以汤圆,三全食品,1,2025-12-13 18:19:47,2020-10-01 to 2020-10-31
三全食品三季度业绩预增243%-369%,https://www.iwencai.com/unifiedwap/inforesult?w=%E4%B8%89%E5%85%A8%E9%A3%9F%E5%93%81&querytype=news&search1=&search2=&search3=2020-10-01~2020-10-31&search4=&search5=&page=1,iWenCai,Unknown time,速冻龙头业绩继续向好！三全食品三季度业绩预增243%-369%,三全食品,1,2025-12-13 18:19:47,2020-10-01 to 2020-10-31
三全食品公告称，预计前三季度盈利5.48亿-5.83亿元，同比增长370％-400％；其中三季度业绩预增243％-369％。 具体地，三全食品表示，报告期内，公司利润率恢复并保持至正常水平，销售收入增...,https://www.iwencai.com/unifiedwap/inforesult?w=%E4%B8%89%E5%85%A8%E9%A3%9F%E5%93%81&querytype=news&search1=&search2=&search3=2020-10-01~2020-10-31&search4=&search5=&page=1,iWenCai,Unknown time,三全食品公告称，预计前三季度盈利5.48亿-5.83亿元，同比增长370％-400％；其中三季度业绩预增243％-369％。 具体地，三全食品表示，报告期内，公司利润率恢复并保持至正常水平，销售收入增长，实现了公司业绩可持续的提升。非经常性损益对净利润的影响金额预计为1.73亿元，主要为子公司股权转,三全食品,1,2025-12-13 18:19:47,2020-10-01 to 2020-10-31
三全食品预计前三季度盈利不低于5.48亿元,https://www.iwencai.com/unifiedwap/inforesult?w=%E4%B8%89%E5%85%A8%E9%A3%9F%E5%93%81&querytype=news&search1=&search2=&search3=2020-10-01~2020-10-31&search4=&search5=&page=1,iWenCai,Unknown time,三全食品预计前三季度盈利不低于5.48亿元,三全食品,1,2025-12-13 18:19:47,2020-10-01 to 2020-10-31
三全食品对于业绩预增解释称，报告期内，通过强化经营能力及改善管理效率，公司利润率恢复并保持至正常水平，销售收入的增长，实现了公司业绩可持续的提升。公司非经常性损益对净利润的影响金额预计为1.73亿元，...,https://www.iwencai.com/unifiedwap/inforesult?w=%E4%B8%89%E5%85%A8%E9%A3%9F%E5%93%81&querytype=news&search1=&search2=&search3=2020-10-01~2020-10-31&search4=&search5=&page=1,iWenCai,Unknown time,其中，第三季度预计盈利9560.48 万元–13058.22 万元，净利润同比增长243.61%—369.33%。 三全食品对于业绩预增解释称，报告期内，通过强化经营能力及改善管理效率，公司利润率恢复并保持至正常水平，销售收入的增长，实现了公司业绩可持续的提升。公司非经常性损益对净利润的影响金额预计,三全食品,1,2025-12-13 18:19:47,2020-10-01 to 2020-10-31
三全食品：预计2020年前三季度净利润约5.48亿元~5.83亿元，同比增长370.00%~400.00%,https://www.iwencai.com/unifiedwap/inforesult?w=%E4%B8%89%E5%85%A8%E9%A3%9F%E5%93%81&querytype=news&search1=&search2=&search3=2020-10-01~2020-10-31&search4=&search5=&page=1,iWenCai,Unknown time,三全食品：预计2020年前三季度净利润约5.48亿元~5.83亿元，同比增长370.00%~400.00%,三全食品,1,2025-12-13 18:19:47,2020-10-01 to 2020-10-31
三全食品的主营业务为零售等市场、餐饮市场，占营收比例分别为：90.51%、9.49%。 三全食品的董事长是陈南，男，51岁，中国国籍，无境外居留权，工商管理硕士。 三全食品的总经理是陈希，男，47岁，...,https://www.iwencai.com/unifiedwap/inforesult?w=%E4%B8%89%E5%85%A8%E9%A3%9F%E5%93%81&querytype=news&search1=&search2=&search3=2020-10-01~2020-10-31&search4=&search5=&page=1,iWenCai,Unknown time,报告期内，公司非经常性损益对净利润的影响金额预计为1.73亿元，其中第三季度非经常性损益预计为3482.58万元。主要为子公司股权转让的相关收益、政府疫情期间为支持企业复产复工发放的稳岗补贴等补助资金。 2020年半年报显示，三全食品的主营业务为零售等市场、餐饮市场，占营收比例分别为：90.51%、,三全食品,1,2025-12-13 18:19:47,2020-10-01 to 2020-10-31
三全食品2020Q3归母净利润同比增长324.87%,https://www.iwencai.com/unifiedwap/inforesult?w=%E4%B8%89%E5%85%A8%E9%A3%9F%E5%93%81&querytype=news&search1=&search2=&search3=2020-10-01~2020-10-31&search4=&search5=&page=1,iWenCai,Unknown time,【开源食饮每日资讯1026】三全食品2020Q3归母净利润同比增长324.87%,三全食品,1,2025-12-13 18:19:47,2020-10-01 to 2020-10-31
三全食品操刀的7-ELEVEN上速度了.......,https://www.iwencai.com/unifiedwap/inforesult?w=%E4%B8%89%E5%85%A8%E9%A3%9F%E5%93%81&querytype=news&search1=&search2=&search3=2020-10-01~2020-10-31&search4=&search5=&page=1,iWenCai,Unknown time,半个月开三家店 三全食品操刀的7-ELEVEN上速度了.......,三全食品,1,2025-12-13 18:19:47,2020-10-01 to 2020-10-31
三全食品...,https://www.iwencai.com/unifiedwap/inforesult?w=%E4%B8%89%E5%85%A8%E9%A3%9F%E5%93%81&querytype=news&search1=&search2=&search3=2020-10-01~2020-10-31&search4=&search5=&page=1,iWenCai,Unknown time,宅经济引燃速冻食品行业。财报显示，A股5家速冻食品公司今年前三季度全部盈利。有分析师指出，“疫情暴发前，国家消费内需拉动政策、单身经济、冷链物流以及外卖平台发展，都给速冻行业带来了前所未有的红利。疫情期间，人们发现速冻可更好地解决在家消费便利性问题，速冻企业业绩在疫情期间大幅增长。”据了解，新冠疫情,三全食品,1,2025-12-13 18:19:47,2020-10-01 to 2020-10-31
三全食品预计净利润突破5亿元，“卖速冻鱼肉”的海欣食品预计净利润暴增四倍，“卖包子”的巴比食品刚进入资本市场就围绕速冻食品展开业绩布局。疫情防控形势好转后，相关企业还会有亮眼表现吗？吃“宅经济”红利的...,https://www.iwencai.com/unifiedwap/inforesult?w=%E4%B8%89%E5%85%A8%E9%A3%9F%E5%93%81&querytype=news&search1=&search2=&search3=2020-10-01~2020-10-31&search4=&search5=&page=1,iWenCai,Unknown time,中国商报/中国商网（见习记者 马嘉）疫情期间，速冻食品不仅成为宅在家中的消费者的必备口粮，更成为相关企业的“吸金利器”。今年前三季度，速冻食品行业龙头三全食品预计净利润突破5亿元，“卖速冻鱼肉”的海欣食品预计净利润暴增四倍，“卖包子”的巴比食品刚进入资本市场就围绕速冻食品展开业绩布局。疫情防控形势好,三全食品,1,2025-12-13 18:19:47,2020-10-01 to 2020-10-31
三全食品靠疫情红利“翻身”后仍保持“大赚”势头。根据公告，三全食品预计前三季度净利润为5.48亿-5.83亿元，同比增长370%-400%。根据其发布的财报，今年上半年，三全食品净利润达到4.5亿元，...,https://www.iwencai.com/unifiedwap/inforesult?w=%E4%B8%89%E5%85%A8%E9%A3%9F%E5%93%81&querytype=news&search1=&search2=&search3=2020-10-01~2020-10-31&search4=&search5=&page=1,iWenCai,Unknown time,预计在未来五年，我国速冻面食产销量年均复合增长将达到13%-17%。 速冻食品龙头企业三全食品靠疫情红利“翻身”后仍保持“大赚”势头。根据公告，三全食品预计前三季度净利润为5.48亿-5.83亿元，同比增长370%-400%。根据其发布的财报，今年上半年，三全食品净利润达到4.5亿元，不仅远超去年同,三全食品,1,2025-12-13 18:19:47,2020-10-01 to 2020-10-31
三全食品股份有限公司签署校企合作协议,https://www.iwencai.com/unifiedwap/inforesult?w=%E4%B8%89%E5%85%A8%E9%A3%9F%E5%93%81&querytype=news&search1=&search2=&search3=2020-11-01~2020-11-30&search4=&search5=&page=1,iWenCai,Unknown time,郑州财经学院与三全食品股份有限公司签署校企合作协议,三全食品,1,2025-12-13 18:19:55,2020-11-01 to 2020-11-30
三全食品股份有限公司党委副书记金小飞从行业占比、工厂布局等方面介绍了三全食品股份有限公司的规模实力和企业发展之路，分享自己从管培生做起并成为三全人的骄傲和自豪。他指出，三全紧邻郑州财经学院，见证了学校...,https://www.iwencai.com/unifiedwap/inforesult?w=%E4%B8%89%E5%85%A8%E9%A3%9F%E5%93%81&querytype=news&search1=&search2=&search3=2020-11-01~2020-11-30&search4=&search5=&page=1,iWenCai,Unknown time,培养具有双创精神的高素质应用型人才，实现校企双方的无缝衔接、互利共赢。 三全食品股份有限公司党委副书记金小飞从行业占比、工厂布局等方面介绍了三全食品股份有限公司的规模实力和企业发展之路，分享自己从管培生做起并成为三全人的骄傲和自豪。他指出，三全紧邻郑州财经学院，见证了学校的快速发展，深切感受到学校培,三全食品,1,2025-12-13 18:19:55,2020-11-01 to 2020-11-30
三全食品（SZ 002216，收盘价：27.16元）11月17日晚间发布公告称，三全食品股份有限公司于近期共收到政府补助约2329万元。 2020年半年报显示，三全食品的主营业务为零售等市场、餐饮市场...,https://www.iwencai.com/unifiedwap/inforesult?w=%E4%B8%89%E5%85%A8%E9%A3%9F%E5%93%81&querytype=news&search1=&search2=&search3=2020-11-01~2020-11-30&search4=&search5=&page=1,iWenCai,Unknown time,每经AI快讯，三全食品（SZ 002216，收盘价：27.16元）11月17日晚间发布公告称，三全食品股份有限公司于近期共收到政府补助约2329万元。 2020年半年报显示，三全食品的主营业务为零售等市场、餐饮市场，占营收比例分别为：90.51%、9.49%。 三全食品的董事长是陈南，男，51岁，中,三全食品,1,2025-12-13 18:19:55,2020-11-01 to 2020-11-30
三全食品在商超板块布局启幕。此前在2019年12月18日，7-ELEVEN柒一拾壹(中国)与三全食品签订了《关于河南省地区的地区特许经营合同》。成立后的河南叁伊便利店连锁有限公司，获得了7-ELEVE...,https://www.iwencai.com/unifiedwap/inforesult?w=%E4%B8%89%E5%85%A8%E9%A3%9F%E5%93%81&querytype=news&search1=&search2=&search3=2020-11-01~2020-11-30&search4=&search5=&page=1,iWenCai,2019年12月18日,这家门店的开业，也标志着三全食品在商超板块布局启幕。此前在2019年12月18日，7-ELEVEN柒一拾壹(中国)与三全食品签订了《关于河南省地区的地区特许经营合同》。成立后的河南叁伊便利店连锁有限公司，获得了7-ELEVEN便利店业务在河南省的独家经营权，叁伊便利店连锁可在河南省通过加盟等方式进行,三全食品,1,2025-12-13 18:19:55,2020-11-01 to 2020-11-30
三全食品能否锁定品质，走向辉煌？,https://www.iwencai.com/unifiedwap/inforesult?w=%E4%B8%89%E5%85%A8%E9%A3%9F%E5%93%81&querytype=news&search1=&search2=&search3=2020-11-01~2020-11-30&search4=&search5=&page=1,iWenCai,Unknown time,「绿色食品」被爆“猪瘟水饺”三全食品能否锁定品质，走向辉煌？,三全食品,1,2025-12-13 18:19:55,2020-11-01 to 2020-11-30
三全食品的商誉摧毁是重大的，需要花费很多的时间和精力可能才会重新赢得消费者的信任。 “猪瘟水饺”事件发酵之后，与经济损失相较而言，消费者对其信任的逐步丧失将更加可怕。三...,https://www.iwencai.com/unifiedwap/inforesult?w=%E4%B8%89%E5%85%A8%E9%A3%9F%E5%93%81&querytype=news&search1=&search2=&search3=2020-11-01~2020-11-30&search4=&search5=&page=1,iWenCai,Unknown time,而上述“猪瘟水饺”的始作俑者河南全惠食品有限公司正是其中一款“问题水饺”的同一生产商。 2013年3月，消费者爆出购买的10包三全鱼豆腐全部在保质期内出现霉点。 2017年5月，沃尔玛(四川)达州朝阳东路分店销售的三全粽子，均被检出菌落总数检出值和大肠菌群检出值超标。 中国食品产业资深分析师曾提出‘,三全食品,1,2025-12-13 18:19:55,2020-11-01 to 2020-11-30
三全食品：要安全第一、质量第一、美味第一,https://www.iwencai.com/unifiedwap/inforesult?w=%E4%B8%89%E5%85%A8%E9%A3%9F%E5%93%81&querytype=news&search1=&search2=&search3=2020-11-01~2020-11-30&search4=&search5=&page=1,iWenCai,Unknown time,李克强视察三全食品：要安全第一、质量第一、美味第一,三全食品,1,2025-12-13 18:19:55,2020-11-01 to 2020-11-30
"三全食品(30.920, 0.51, 1.68%)！ 来源：三全食品 2020 欢迎李克强总理考察三全食品！ 2020年11月4日，中共中央政治局常委、国务院总理李克强在河南省委书记王国生、省长尹弘等...",https://www.iwencai.com/unifiedwap/inforesult?w=%E4%B8%89%E5%85%A8%E9%A3%9F%E5%93%81&querytype=news&search1=&search2=&search3=2020-11-01~2020-11-30&search4=&search5=&page=1,三全食品,2020年11月4日,"原标题：李克强总理视察三全食品(30.920, 0.51, 1.68%)！ 来源：三全食品 2020 欢迎李克强总理考察三全食品！ 2020年11月4日，中共中央政治局常委、国务院总理李克强在河南省委书记王国生、省长尹弘等领导的陪同下，来到三全食品进行考察。 他听取了集团董事长陈泽民企业生产经营情况",三全食品,1,2025-12-13 18:19:55,2020-11-01 to 2020-11-30
三全食品、大疆农业、阿里最新动态,https://www.iwencai.com/unifiedwap/inforesult?w=%E4%B8%89%E5%85%A8%E9%A3%9F%E5%93%81&querytype=news&search1=&search2=&search3=2020-11-01~2020-11-30&search4=&search5=&page=1,iWenCai,Unknown time,农业产业周报|京东生鲜、三全食品、大疆农业、阿里最新动态,三全食品,1,2025-12-13 18:19:55,2020-11-01 to 2020-11-30
三全食品：深耕鲜食赛道 三全食品已经成为国内规模最大、市场网络最广的速冻食品生产企业之一。除产品品类不断丰富、销售场景日益多元化外，企业近期也进一步延申经营板...,https://www.iwencai.com/unifiedwap/inforesult?w=%E4%B8%89%E5%85%A8%E9%A3%9F%E5%93%81&querytype=news&search1=&search2=&search3=2020-11-01~2020-11-30&search4=&search5=&page=1,iWenCai,Unknown time,裸机售价29999元。而T10裸机价格再次打破了大疆植保机价格下限，售价仅19999元。自2016年大疆发布第一款载荷10公斤、售价52999元的植保无人机MG-1以来，大疆每年发布的植保机越卖越便宜。 DJI大疆农业全球市场销售总监陈韬表示，“只有门槛降低， 可以吸引更多年轻人、尤其是农村的年轻人,三全食品,1,2025-12-13 18:19:55,2020-11-01 to 2020-11-30
三全食品股份有限公司 来源：中国政府网 e公司讯，李克强11月4日上午在郑州考察三全食品股份有限公司。李克强说，大家在困难时候咬紧牙关往前闯，这正是企业家精神的体现。当前要巩固经济稳定恢复增长态势，把...,https://www.iwencai.com/unifiedwap/inforesult?w=%E4%B8%89%E5%85%A8%E9%A3%9F%E5%93%81&querytype=news&search1=&search2=&search3=2020-11-01~2020-11-30&search4=&search5=&page=1,中国政府网,Unknown time,原标题：李克强在郑州考察三全食品股份有限公司 来源：中国政府网 e公司讯，李克强11月4日上午在郑州考察三全食品股份有限公司。李克强说，大家在困难时候咬紧牙关往前闯，这正是企业家精神的体现。当前要巩固经济稳定恢复增长态势，把握好政策的有效性和可持续性，努力实现全年正增长，并为今后发展打下坚实基础。离,三全食品,1,2025-12-13 18:19:55,2020-11-01 to 2020-11-30
三全食品：李克强总理视察公司 e公司讯，三全食品发布消息称，11月4日，国务院总理李克强在河南省委书记王国生、省长尹弘等领导的陪同下，来到三全食品进行考察。他听取了集团董事长陈泽民企业生产经营情况的汇...,https://www.iwencai.com/unifiedwap/inforesult?w=%E4%B8%89%E5%85%A8%E9%A3%9F%E5%93%81&querytype=news&search1=&search2=&search3=2020-11-01~2020-11-30&search4=&search5=&page=1,iWenCai,Unknown time,原标题：三全食品：李克强总理视察公司 e公司讯，三全食品发布消息称，11月4日，国务院总理李克强在河南省委书记王国生、省长尹弘等领导的陪同下，来到三全食品进行考察。他听取了集团董事长陈泽民企业生产经营情况的汇报，观看了公司丰富的新产品，了解到企业生产红红火火、销售收入持续提升，他十分高兴，鼓励企业继,三全食品,1,2025-12-13 18:19:55,2020-11-01 to 2020-11-30
三全食品股份有限公司。该公司解决和带动就业2.5万余人。李克强与三全公司配套的上下游中小微企业负责人现场“站”谈，详细了解国家出台的减税降费、普惠金融等支持政策是否落实到位。他们告诉总理，国家出台的一...,https://www.iwencai.com/unifiedwap/inforesult?w=%E4%B8%89%E5%85%A8%E9%A3%9F%E5%93%81&querytype=news&search1=&search2=&search3=2020-11-01~2020-11-30&search4=&search5=&page=1,金融界网站,Unknown time,原标题：李克强对河南这家食品龙头企业提了什么要求 来源：金融界网站 李克强11月4日上午在郑州考察三全食品股份有限公司。该公司解决和带动就业2.5万余人。李克强与三全公司配套的上下游中小微企业负责人现场“站”谈，详细了解国家出台的减税降费、普惠金融等支持政策是否落实到位。他们告诉总理，国家出台的一系,三全食品,1,2025-12-13 18:19:55,2020-11-01 to 2020-11-30
三全食品将要涉足便利店行业了。 天眼查工商资料显示，11月18日由三全食品股份有限公司100%控股的河南叁伊便利店连锁有限公司（以下简称“叁伊便利”）注册成立，注册资金1亿元。 该公司的经营范围包括销...,https://www.iwencai.com/unifiedwap/inforesult?w=%E4%B8%89%E5%85%A8%E9%A3%9F%E5%93%81&querytype=news&search1=&search2=&search3=2020-12-01~2020-12-31&search4=&search5=&page=1,iWenCai,Unknown time,全国最大速冻食品企业三全食品将要涉足便利店行业了。 天眼查工商资料显示，11月18日由三全食品股份有限公司100%控股的河南叁伊便利店连锁有限公司（以下简称“叁伊便利”）注册成立，注册资金1亿元。 该公司的经营范围包括销售预包装食品、散装食品食用农产品、日用百货、服装、化妆品、文具及体育用品、家电产,三全食品,1,2025-12-13 18:20:04,2020-12-01 to 2020-12-31
三全食品市值不到300亿，千亿市值何日能圆梦？,https://www.iwencai.com/unifiedwap/inforesult?w=%E4%B8%89%E5%85%A8%E9%A3%9F%E5%93%81&querytype=news&search1=&search2=&search3=2020-12-01~2020-12-31&search4=&search5=&page=1,iWenCai,Unknown time,三全食品市值不到300亿，千亿市值何日能圆梦？,三全食品,1,2025-12-13 18:20:04,2020-12-01 to 2020-12-31
三全食品预计前三季度净利在5.48亿-5.83亿元之间，同比增长370%-400%。 记得在七八年前，就有人在呼唤三全食品千亿市值，截至2020年10月14日，三全食品市值272亿，千亿之路还有很远！...,https://www.iwencai.com/unifiedwap/inforesult?w=%E4%B8%89%E5%85%A8%E9%A3%9F%E5%93%81&querytype=news&search1=&search2=&search3=2020-12-01~2020-12-31&search4=&search5=&page=1,iWenCai,2020年10月14日,"受疫情影响，今年""宅经济""盛行，因此也使得食品行业业绩普遍上涨。尤其是冷冻食品、方便休闲食品、乳肉制品等相关企业前三季度业绩暴涨，如金字火腿预计前三季度净利同比增长78.94%-99.99%，盐津铺子前三季度净利润增幅可达94.95%-106.09%，三全食品预计前三季度净利在5.48亿-5.83亿",三全食品,1,2025-12-13 18:20:04,2020-12-01 to 2020-12-31
三全食品:疫情影响为短期扰动，渠道和新品扩张继续【公司研究】,https://www.iwencai.com/unifiedwap/inforesult?w=%E4%B8%89%E5%85%A8%E9%A3%9F%E5%93%81&querytype=news&search1=&search2=&search3=2020-12-01~2020-12-31&search4=&search5=&page=1,iWenCai,Unknown time,安信证券--三全食品:疫情影响为短期扰动，渠道和新品扩张继续【公司研究】,三全食品,1,2025-12-13 18:20:04,2020-12-01 to 2020-12-31
三全食品:疫情影响为短期扰动，渠道和新品扩张继续【公司研究】 来源：安信证券 【研究报告内容摘要】 疫情负面影响为短期扰动，近期渠道反馈备货恢复。11月部分渠道反馈经销商备货有一些影响，分析主要有三个...,https://www.iwencai.com/unifiedwap/inforesult?w=%E4%B8%89%E5%85%A8%E9%A3%9F%E5%93%81&querytype=news&search1=&search2=&search3=2020-12-01~2020-12-31&search4=&search5=&page=1,安信证券,Unknown time,原标题：安信证券--三全食品:疫情影响为短期扰动，渠道和新品扩张继续【公司研究】 来源：安信证券 【研究报告内容摘要】 疫情负面影响为短期扰动，近期渠道反馈备货恢复。11月部分渠道反馈经销商备货有一些影响，分析主要有三个方面原因，1）疫情进入冬季以后有所反弹，由于部分感染案例同冷链有较为直接关系，因,三全食品,1,2025-12-13 18:20:04,2020-12-01 to 2020-12-31
三全食品、千禾味业、恒顺...,https://www.iwencai.com/unifiedwap/inforesult?w=%E4%B8%89%E5%85%A8%E9%A3%9F%E5%93%81&querytype=news&search1=&search2=&search3=2020-12-01~2020-12-31&search4=&search5=&page=1,iWenCai,Unknown time,食品饮料板块开盘走弱，中炬高新开盘大跌8%，海天味业跌超4%，三全食品、千禾味业、恒顺...,三全食品,1,2025-12-13 18:20:04,2020-12-01 to 2020-12-31
三全食品：疫情影响为短期扰动，渠道和新品扩张继续,https://www.iwencai.com/unifiedwap/inforesult?w=%E4%B8%89%E5%85%A8%E9%A3%9F%E5%93%81&querytype=news&search1=&search2=&search3=2020-12-01~2020-12-31&search4=&search5=&page=1,iWenCai,Unknown time,【食品饮料-苏铖】三全食品：疫情影响为短期扰动，渠道和新品扩张继续,三全食品,1,2025-12-13 18:20:04,2020-12-01 to 2020-12-31
三全食品、汤臣倍健、安井食品、桃李面包、洽洽食品、...,https://www.iwencai.com/unifiedwap/inforesult?w=%E4%B8%89%E5%85%A8%E9%A3%9F%E5%93%81&querytype=news&search1=&search2=&search3=2020-12-01~2020-12-31&search4=&search5=&page=1,iWenCai,Unknown time,本文从主营业务、收入构成、门店拓展/销售渠道等多个维度梳理汇总35家食品综合上市企业2020三季报业绩。 据数说商业统计，35家食品综合上市企业2020前三季度营收总额为811.27亿元，较上年同期的767.15亿元，增加44.12亿元，同比增长5.75%；净利润总额为120.07亿元，较上年同期的,三全食品,1,2025-12-13 18:20:04,2020-12-01 to 2020-12-31
三全食品、良品铺子、三只松鼠、双塔食品、盐津铺子、广州酒家、周黑鸭、妙可蓝多、煌上煌、香飘飘...,https://www.iwencai.com/unifiedwap/inforesult?w=%E4%B8%89%E5%85%A8%E9%A3%9F%E5%93%81&querytype=news&search1=&search2=&search3=2020-12-01~2020-12-31&search4=&search5=&page=1,iWenCai,2020年11月2日,原标题：休闲食品行业上市公司TOP30社会责任报告：涪陵榨菜等20家无ESG评级 高质量发展任重道远 更多市值，更多社会责任（CSR）。《休闲食品行业上市公司TOP30社会责任报告（榜单）》的调查对象为从A股和H股市值排名靠前的休闲食品上市公司中挑选出的30家公司，以市值（2020年11月2日）从高,三全食品,1,2025-12-13 18:20:04,2020-12-01 to 2020-12-31
三全食品等一定价值体现。 03. 核心组合 资料来源：wind，中国银河证券研究院整理 04. 风险提示 食品安全风险、下游需求走弱风险、行业政策风险等。 如需获取报告全文，请联系您客户经理，谢谢！ ...,https://www.iwencai.com/unifiedwap/inforesult?w=%E4%B8%89%E5%85%A8%E9%A3%9F%E5%93%81&querytype=news&search1=&search2=&search3=2020-12-01~2020-12-31&search4=&search5=&page=1,wind，中国银河证券研究院整理,Unknown time,大众品方面，我们认为，还是应当重视，稳健良好增长及相对确定性所带来的价值，我们仍然看好前期推荐的三全食品等一定价值体现。 03. 核心组合 资料来源：wind，中国银河证券研究院整理 04. 风险提示 食品安全风险、下游需求走弱风险、行业政策风险等。 如需获取报告全文，请联系您客户经理，谢谢！ 相关,三全食品,1,2025-12-13 18:20:04,2020-12-01 to 2020-12-31
